2018-06-13 16:21:13.003000,0.09375,0.953125,-1.046875
2018-06-13 16:21:13.014000,0.0,1.265625,-0.8515625
2018-06-13 16:21:13.024000,-0.057291666666666664,1.1822916666666667,-0.796875
2018-06-13 16:21:13.034000,-0.05859375,1.140625,-0.74609375
2018-06-13 16:21:13.045000,-0.05,1.14375,-0.665625
2018-06-13 16:21:13.055000,-0.06875,1.15,-0.490625
2018-06-13 16:21:13.066000,-0.04375,0.996875,-0.375
2018-06-13 16:21:13.076000,-0.009375,0.946875,-0.25625
2018-06-13 16:21:13.087000,-0.0125,0.8875,-0.178125
2018-06-13 16:21:13.097000,-0.040625,0.796875,-0.16875
2018-06-13 16:21:13.107000,-0.078125,0.74375,-0.203125
2018-06-13 16:21:13.118000,-0.1125,0.734375,-0.25625
2018-06-13 16:21:13.128000,-0.128125,0.746875,-0.303125
2018-06-13 16:21:13.139000,-0.115625,0.778125,-0.340625
2018-06-13 16:21:13.149000,0.028125,0.821875,-0.31875
2018-06-13 16:21:13.159000,0.153125,1.0625,-0.471875
2018-06-13 16:21:13.170000,0.246875,1.496875,-0.7
2018-06-13 16:21:13.180000,0.153125,1.9625,-0.8125
2018-06-13 16:21:13.191000,0.053125,2.04375,-0.815625
2018-06-13 16:21:13.201000,-0.090625,1.9625,-0.803125
2018-06-13 16:21:13.212000,-0.159375,1.69375,-0.596875
2018-06-13 16:21:13.222000,-0.178125,1.21875,-0.334375
2018-06-13 16:21:13.232000,-0.046875,0.71875,-0.2125
2018-06-13 16:21:13.243000,0.065625,0.640625,-0.203125
2018-06-13 16:21:13.253000,0.109375,0.7625,-0.25625
2018-06-13 16:21:13.264000,0.09375,0.884375,-0.3125
2018-06-13 16:21:13.274000,0.040625,0.984375,-0.34375
2018-06-13 16:21:13.284000,0.015625,1.034375,-0.353125
2018-06-13 16:21:13.295000,0.0125,1.03125,-0.346875
2018-06-13 16:21:13.305000,0.01875,0.990625,-0.340625
2018-06-13 16:21:13.316000,0.03125,0.94375,-0.35
2018-06-13 16:21:13.326000,0.04375,0.928125,-0.3625
2018-06-13 16:21:13.337000,0.05,0.94375,-0.375
2018-06-13 16:21:13.347000,0.05,0.965625,-0.378125
2018-06-13 16:21:13.357000,0.0375,0.978125,-0.36875
2018-06-13 16:21:13.368000,0.03125,0.98125,-0.34375
2018-06-13 16:21:13.378000,0.03125,0.975,-0.325
2018-06-13 16:21:13.389000,0.0375,0.965625,-0.309375
2018-06-13 16:21:13.399000,0.04375,0.959375,-0.303125
2018-06-13 16:21:13.409000,0.05,0.953125,-0.303125
2018-06-13 16:21:13.420000,0.05,0.95,-0.3125
2018-06-13 16:21:13.430000,0.053125,0.953125,-0.31875
2018-06-13 16:21:13.441000,0.053125,0.959375,-0.321875
2018-06-13 16:21:13.451000,0.05,0.9625,-0.325
2018-06-13 16:21:13.462000,0.046875,0.9625,-0.33125
2018-06-13 16:21:13.472000,0.046875,0.9625,-0.334375
2018-06-13 16:21:13.482000,0.05,0.95625,-0.3375
2018-06-13 16:21:13.493000,0.05625,0.95,-0.340625
2018-06-13 16:21:13.503000,0.065625,0.940625,-0.34375
2018-06-13 16:21:13.514000,0.071875,0.934375,-0.34375
2018-06-13 16:21:13.524000,0.078125,0.928125,-0.35
2018-06-13 16:21:13.534000,0.08125,0.928125,-0.359375
2018-06-13 16:21:13.545000,0.084375,0.93125,-0.36875
2018-06-13 16:21:13.555000,0.08125,0.934375,-0.375
2018-06-13 16:21:13.566000,0.078125,0.9375,-0.38125
2018-06-13 16:21:13.576000,0.078125,0.940625,-0.38125
2018-06-13 16:21:13.587000,0.078125,0.940625,-0.378125
2018-06-13 16:21:13.597000,0.071875,0.9375,-0.371875
2018-06-13 16:21:13.607000,0.06875,0.9375,-0.36875
2018-06-13 16:21:13.618000,0.071875,0.9375,-0.36875
2018-06-13 16:21:13.628000,0.071875,0.9375,-0.36875
2018-06-13 16:21:13.639000,0.071875,0.9375,-0.371875
2018-06-13 16:21:13.649000,0.075,0.940625,-0.378125
2018-06-13 16:21:13.659000,0.075,0.94375,-0.38125
2018-06-13 16:21:13.670000,0.071875,0.946875,-0.375
2018-06-13 16:21:13.680000,0.06875,0.946875,-0.371875
2018-06-13 16:21:13.691000,0.06875,0.946875,-0.365625
2018-06-13 16:21:13.701000,0.06875,0.94375,-0.359375
2018-06-13 16:21:13.712000,0.071875,0.940625,-0.359375
2018-06-13 16:21:13.722000,0.071875,0.9375,-0.359375
2018-06-13 16:21:13.732000,0.075,0.940625,-0.353125
2018-06-13 16:21:13.743000,0.075,0.94375,-0.346875
2018-06-13 16:21:13.753000,0.071875,0.946875,-0.34375
2018-06-13 16:21:13.764000,0.071875,0.95,-0.3375
2018-06-13 16:21:13.774000,0.075,0.953125,-0.334375
2018-06-13 16:21:13.784000,0.075,0.95,-0.334375
2018-06-13 16:21:13.795000,0.078125,0.95,-0.3375
2018-06-13 16:21:13.805000,0.084375,0.95,-0.3375
2018-06-13 16:21:13.816000,0.0875,0.95,-0.3375
2018-06-13 16:21:13.826000,0.090625,0.95,-0.340625
2018-06-13 16:21:13.837000,0.09375,0.953125,-0.34375
2018-06-13 16:21:13.847000,0.09375,0.953125,-0.340625
2018-06-13 16:21:13.857000,0.09375,0.953125,-0.340625
2018-06-13 16:21:13.868000,0.09375,0.95,-0.340625
2018-06-13 16:21:13.878000,0.09375,0.946875,-0.340625
2018-06-13 16:21:13.889000,0.09375,0.94375,-0.340625
2018-06-13 16:21:13.899000,0.090625,0.94375,-0.34375
2018-06-13 16:21:13.909000,0.0875,0.94375,-0.34375
2018-06-13 16:21:13.920000,0.084375,0.946875,-0.34375
2018-06-13 16:21:13.930000,0.08125,0.95,-0.34375
2018-06-13 16:21:13.941000,0.08125,0.95,-0.34375
2018-06-13 16:21:13.951000,0.084375,0.95,-0.34375
2018-06-13 16:21:13.961000,0.084375,0.946875,-0.34375
2018-06-13 16:21:13.972000,0.0875,0.946875,-0.34375
2018-06-13 16:21:13.982000,0.090625,0.946875,-0.34375
2018-06-13 16:21:13.992000,0.0875,0.95,-0.34375
2018-06-13 16:21:14.003000,0.084375,0.95,-0.34375
2018-06-13 16:21:14.013000,0.084375,0.953125,-0.34375
2018-06-13 16:21:14.023000,0.084375,0.953125,-0.34375
2018-06-13 16:21:14.034000,0.084375,0.953125,-0.34375
2018-06-13 16:21:14.044000,0.0875,0.95,-0.346875
2018-06-13 16:21:14.054000,0.090625,0.946875,-0.35
2018-06-13 16:21:14.065000,0.09375,0.94375,-0.35
2018-06-13 16:21:14.075000,0.09375,0.940625,-0.35
2018-06-13 16:21:14.085000,0.09375,0.9375,-0.353125
2018-06-13 16:21:14.096000,0.09375,0.9375,-0.353125
2018-06-13 16:21:14.106000,0.096875,0.9375,-0.35625
2018-06-13 16:21:14.116000,0.096875,0.9375,-0.3625
2018-06-13 16:21:14.127000,0.1,0.9375,-0.36875
2018-06-13 16:21:14.137000,0.103125,0.934375,-0.36875
2018-06-13 16:21:14.147000,0.103125,0.93125,-0.371875
2018-06-13 16:21:14.158000,0.103125,0.93125,-0.371875
2018-06-13 16:21:14.168000,0.10625,0.928125,-0.371875
2018-06-13 16:21:14.178000,0.103125,0.928125,-0.375
2018-06-13 16:21:14.188000,0.1,0.928125,-0.38125
2018-06-13 16:21:14.199000,0.103125,0.928125,-0.38125
2018-06-13 16:21:14.209000,0.103125,0.925,-0.38125
2018-06-13 16:21:14.219000,0.103125,0.925,-0.38125
2018-06-13 16:21:14.230000,0.10625,0.921875,-0.378125
2018-06-13 16:21:14.240000,0.10625,0.925,-0.375
2018-06-13 16:21:14.250000,0.1,0.928125,-0.371875
2018-06-13 16:21:14.261000,0.096875,0.93125,-0.371875
2018-06-13 16:21:14.271000,0.090625,0.9375,-0.36875
2018-06-13 16:21:14.281000,0.084375,0.94375,-0.365625
2018-06-13 16:21:14.292000,0.08125,0.94375,-0.3625
2018-06-13 16:21:14.302000,0.08125,0.94375,-0.3625
2018-06-13 16:21:14.312000,0.078125,0.94375,-0.359375
2018-06-13 16:21:14.323000,0.075,0.940625,-0.359375
2018-06-13 16:21:14.333000,0.071875,0.9375,-0.359375
2018-06-13 16:21:14.343000,0.06875,0.940625,-0.359375
2018-06-13 16:21:14.354000,0.065625,0.940625,-0.359375
2018-06-13 16:21:14.364000,0.0625,0.94375,-0.3625
2018-06-13 16:21:14.375000,0.0625,0.94375,-0.365625
2018-06-13 16:21:14.385000,0.0625,0.946875,-0.36875
2018-06-13 16:21:14.395000,0.0625,0.946875,-0.371875
2018-06-13 16:21:14.406000,0.0625,0.95,-0.371875
2018-06-13 16:21:14.416000,0.0625,0.95,-0.36875
2018-06-13 16:21:14.426000,0.0625,0.953125,-0.365625
2018-06-13 16:21:14.437000,0.0625,0.95,-0.359375
2018-06-13 16:21:14.447000,0.065625,0.946875,-0.35625
2018-06-13 16:21:14.457000,0.06875,0.94375,-0.359375
2018-06-13 16:21:14.468000,0.075,0.940625,-0.365625
2018-06-13 16:21:14.478000,0.08125,0.9375,-0.371875
2018-06-13 16:21:14.488000,0.0875,0.934375,-0.38125
2018-06-13 16:21:14.499000,0.090625,0.93125,-0.39375
2018-06-13 16:21:14.509000,0.09375,0.928125,-0.40625
2018-06-13 16:21:14.519000,0.096875,0.925,-0.41875
2018-06-13 16:21:14.530000,0.1,0.921875,-0.428125
2018-06-13 16:21:14.540000,0.1,0.91875,-0.43125
2018-06-13 16:21:14.550000,0.1,0.915625,-0.43125
2018-06-13 16:21:14.561000,0.1,0.915625,-0.43125
2018-06-13 16:21:14.571000,0.1,0.9125,-0.43125
2018-06-13 16:21:14.581000,0.096875,0.9125,-0.4375
2018-06-13 16:21:14.591000,0.1,0.9125,-0.45
2018-06-13 16:21:14.602000,0.1,0.9125,-0.459375
2018-06-13 16:21:14.612000,0.096875,0.909375,-0.4625
2018-06-13 16:21:14.623000,0.0875,0.9125,-0.465625
2018-06-13 16:21:14.633000,0.08125,0.909375,-0.465625
2018-06-13 16:21:14.643000,0.0625,0.90625,-0.4625
2018-06-13 16:21:14.653000,0.028125,0.896875,-0.4625
2018-06-13 16:21:14.664000,0.015625,0.884375,-0.459375
2018-06-13 16:21:14.674000,0.009375,0.875,-0.45625
2018-06-13 16:21:14.684000,0.0125,0.86875,-0.459375
2018-06-13 16:21:14.695000,0.03125,0.86875,-0.465625
2018-06-13 16:21:14.705000,0.084375,0.871875,-0.465625
2018-06-13 16:21:14.715000,0.11875,0.88125,-0.471875
2018-06-13 16:21:14.726000,0.15625,0.884375,-0.471875
2018-06-13 16:21:14.736000,0.190625,0.890625,-0.4625
2018-06-13 16:21:14.746000,0.2125,0.89375,-0.459375
2018-06-13 16:21:14.757000,0.196875,0.896875,-0.45625
2018-06-13 16:21:14.767000,0.16875,0.896875,-0.446875
2018-06-13 16:21:14.777000,0.13125,0.9,-0.434375
2018-06-13 16:21:14.788000,0.090625,0.903125,-0.428125
2018-06-13 16:21:14.798000,0.059375,0.909375,-0.41875
2018-06-13 16:21:14.809000,0.05,0.91875,-0.415625
2018-06-13 16:21:14.819000,0.05,0.928125,-0.41875
2018-06-13 16:21:14.829000,0.053125,0.934375,-0.425
2018-06-13 16:21:14.840000,0.05625,0.934375,-0.428125
2018-06-13 16:21:14.850000,0.053125,0.928125,-0.428125
2018-06-13 16:21:14.860000,0.053125,0.921875,-0.425
2018-06-13 16:21:14.871000,0.05625,0.915625,-0.425
2018-06-13 16:21:14.881000,0.059375,0.9125,-0.428125
2018-06-13 16:21:14.891000,0.059375,0.9125,-0.43125
2018-06-13 16:21:14.902000,0.059375,0.915625,-0.434375
2018-06-13 16:21:14.912000,0.05625,0.915625,-0.434375
2018-06-13 16:21:14.922000,0.053125,0.915625,-0.434375
2018-06-13 16:21:14.933000,0.053125,0.9125,-0.434375
2018-06-13 16:21:14.943000,0.053125,0.909375,-0.4375
2018-06-13 16:21:14.953000,0.053125,0.90625,-0.440625
2018-06-13 16:21:14.964000,0.05625,0.909375,-0.45
2018-06-13 16:21:14.974000,0.059375,0.9125,-0.453125
2018-06-13 16:21:14.984000,0.059375,0.9125,-0.459375
2018-06-13 16:21:14.995000,0.0625,0.9125,-0.459375
2018-06-13 16:21:15.005000,0.06875,0.9125,-0.459375
2018-06-13 16:21:15.015000,0.071875,0.909375,-0.45625
2018-06-13 16:21:15.026000,0.075,0.90625,-0.453125
2018-06-13 16:21:15.036000,0.078125,0.90625,-0.446875
2018-06-13 16:21:15.046000,0.078125,0.90625,-0.44375
2018-06-13 16:21:15.056000,0.078125,0.90625,-0.44375
2018-06-13 16:21:15.067000,0.078125,0.90625,-0.440625
2018-06-13 16:21:15.077000,0.078125,0.90625,-0.440625
2018-06-13 16:21:15.087000,0.078125,0.90625,-0.440625
2018-06-13 16:21:15.098000,0.078125,0.90625,-0.4375
2018-06-13 16:21:15.108000,0.078125,0.90625,-0.43125
2018-06-13 16:21:15.118000,0.078125,0.909375,-0.428125
2018-06-13 16:21:15.129000,0.078125,0.9125,-0.425
2018-06-13 16:21:15.139000,0.078125,0.9125,-0.425
2018-06-13 16:21:15.149000,0.078125,0.915625,-0.425
2018-06-13 16:21:15.160000,0.078125,0.915625,-0.425
2018-06-13 16:21:15.170000,0.078125,0.9125,-0.428125
2018-06-13 16:21:15.181000,0.078125,0.909375,-0.428125
2018-06-13 16:21:15.191000,0.078125,0.909375,-0.425
2018-06-13 16:21:15.202000,0.078125,0.909375,-0.425
2018-06-13 16:21:15.212000,0.078125,0.9125,-0.425
2018-06-13 16:21:15.222000,0.078125,0.915625,-0.421875
2018-06-13 16:21:15.233000,0.078125,0.91875,-0.421875
2018-06-13 16:21:15.243000,0.075,0.91875,-0.421875
2018-06-13 16:21:15.254000,0.071875,0.91875,-0.41875
2018-06-13 16:21:15.264000,0.06875,0.91875,-0.415625
2018-06-13 16:21:15.274000,0.065625,0.91875,-0.415625
2018-06-13 16:21:15.285000,0.059375,0.91875,-0.4125
2018-06-13 16:21:15.295000,0.05625,0.925,-0.4125
2018-06-13 16:21:15.306000,0.05625,0.925,-0.415625
2018-06-13 16:21:15.316000,0.05625,0.925,-0.41875
2018-06-13 16:21:15.327000,0.05625,0.925,-0.421875
2018-06-13 16:21:15.337000,0.059375,0.925,-0.428125
2018-06-13 16:21:15.347000,0.065625,0.921875,-0.43125
2018-06-13 16:21:15.358000,0.06875,0.91875,-0.434375
2018-06-13 16:21:15.368000,0.06875,0.91875,-0.4375
2018-06-13 16:21:15.379000,0.06875,0.91875,-0.4375
2018-06-13 16:21:15.389000,0.06875,0.91875,-0.4375
2018-06-13 16:21:15.399000,0.065625,0.91875,-0.4375
2018-06-13 16:21:15.410000,0.0625,0.921875,-0.4375
2018-06-13 16:21:15.420000,0.0625,0.921875,-0.4375
2018-06-13 16:21:15.431000,0.065625,0.921875,-0.4375
2018-06-13 16:21:15.441000,0.06875,0.91875,-0.4375
2018-06-13 16:21:15.452000,0.071875,0.915625,-0.4375
2018-06-13 16:21:15.462000,0.075,0.915625,-0.4375
2018-06-13 16:21:15.472000,0.078125,0.915625,-0.4375
2018-06-13 16:21:15.483000,0.078125,0.9125,-0.4375
2018-06-13 16:21:15.493000,0.078125,0.9125,-0.4375
2018-06-13 16:21:15.504000,0.078125,0.9125,-0.4375
2018-06-13 16:21:15.514000,0.078125,0.909375,-0.4375
2018-06-13 16:21:15.524000,0.078125,0.90625,-0.434375
2018-06-13 16:21:15.535000,0.078125,0.90625,-0.434375
2018-06-13 16:21:15.545000,0.078125,0.90625,-0.434375
2018-06-13 16:21:15.556000,0.078125,0.90625,-0.43125
2018-06-13 16:21:15.566000,0.078125,0.90625,-0.43125
2018-06-13 16:21:15.577000,0.078125,0.909375,-0.434375
2018-06-13 16:21:15.587000,0.078125,0.9125,-0.434375
2018-06-13 16:21:15.597000,0.078125,0.9125,-0.43125
2018-06-13 16:21:15.608000,0.078125,0.915625,-0.43125
2018-06-13 16:21:15.618000,0.078125,0.91875,-0.428125
2018-06-13 16:21:15.629000,0.078125,0.91875,-0.425
2018-06-13 16:21:15.639000,0.078125,0.91875,-0.41875
2018-06-13 16:21:15.649000,0.078125,0.921875,-0.415625
2018-06-13 16:21:15.660000,0.078125,0.921875,-0.4125
2018-06-13 16:21:15.670000,0.078125,0.921875,-0.409375
2018-06-13 16:21:15.681000,0.078125,0.921875,-0.403125
2018-06-13 16:21:15.691000,0.078125,0.921875,-0.403125
2018-06-13 16:21:15.702000,0.075,0.925,-0.403125
2018-06-13 16:21:15.712000,0.071875,0.925,-0.403125
2018-06-13 16:21:15.722000,0.06875,0.925,-0.403125
2018-06-13 16:21:15.733000,0.065625,0.928125,-0.40625
2018-06-13 16:21:15.743000,0.0625,0.928125,-0.409375
2018-06-13 16:21:15.754000,0.0625,0.925,-0.4125
2018-06-13 16:21:15.764000,0.0625,0.925,-0.415625
2018-06-13 16:21:15.774000,0.0625,0.925,-0.41875
2018-06-13 16:21:15.785000,0.0625,0.921875,-0.421875
2018-06-13 16:21:15.795000,0.065625,0.921875,-0.421875
2018-06-13 16:21:15.806000,0.06875,0.921875,-0.421875
2018-06-13 16:21:15.816000,0.071875,0.921875,-0.421875
2018-06-13 16:21:15.827000,0.075,0.921875,-0.421875
2018-06-13 16:21:15.837000,0.078125,0.921875,-0.41875
2018-06-13 16:21:15.847000,0.078125,0.921875,-0.415625
2018-06-13 16:21:15.858000,0.078125,0.921875,-0.4125
2018-06-13 16:21:15.868000,0.078125,0.921875,-0.4125
2018-06-13 16:21:15.879000,0.078125,0.921875,-0.409375
2018-06-13 16:21:15.889000,0.078125,0.921875,-0.409375
2018-06-13 16:21:15.899000,0.078125,0.921875,-0.409375
2018-06-13 16:21:15.910000,0.078125,0.921875,-0.409375
2018-06-13 16:21:15.920000,0.078125,0.921875,-0.40625
2018-06-13 16:21:15.931000,0.078125,0.921875,-0.40625
2018-06-13 16:21:15.941000,0.078125,0.921875,-0.40625
2018-06-13 16:21:15.952000,0.075,0.921875,-0.403125
2018-06-13 16:21:15.962000,0.071875,0.921875,-0.4
2018-06-13 16:21:15.972000,0.06875,0.925,-0.396875
2018-06-13 16:21:15.983000,0.065625,0.928125,-0.39375
2018-06-13 16:21:15.993000,0.0625,0.93125,-0.390625
2018-06-13 16:21:16.004000,0.0625,0.934375,-0.390625
2018-06-13 16:21:16.014000,0.0625,0.9375,-0.390625
2018-06-13 16:21:16.025000,0.0625,0.9375,-0.390625
2018-06-13 16:21:16.035000,0.0625,0.9375,-0.390625
2018-06-13 16:21:16.045000,0.0625,0.9375,-0.39375
2018-06-13 16:21:16.056000,0.0625,0.9375,-0.39375
2018-06-13 16:21:16.066000,0.0625,0.9375,-0.39375
2018-06-13 16:21:16.077000,0.0625,0.934375,-0.39375
2018-06-13 16:21:16.087000,0.0625,0.93125,-0.39375
2018-06-13 16:21:16.097000,0.0625,0.928125,-0.390625
2018-06-13 16:21:16.108000,0.0625,0.925,-0.390625
2018-06-13 16:21:16.118000,0.0625,0.925,-0.390625
2018-06-13 16:21:16.129000,0.0625,0.928125,-0.390625
2018-06-13 16:21:16.139000,0.0625,0.928125,-0.3875
2018-06-13 16:21:16.150000,0.0625,0.93125,-0.3875
2018-06-13 16:21:16.160000,0.0625,0.934375,-0.3875
2018-06-13 16:21:16.170000,0.0625,0.934375,-0.3875
2018-06-13 16:21:16.181000,0.0625,0.934375,-0.3875
2018-06-13 16:21:16.191000,0.0625,0.9375,-0.390625
2018-06-13 16:21:16.202000,0.0625,0.9375,-0.3875
2018-06-13 16:21:16.212000,0.0625,0.9375,-0.384375
2018-06-13 16:21:16.222000,0.0625,0.9375,-0.38125
2018-06-13 16:21:16.233000,0.0625,0.9375,-0.378125
2018-06-13 16:21:16.243000,0.059375,0.9375,-0.375
2018-06-13 16:21:16.254000,0.05625,0.9375,-0.375
2018-06-13 16:21:16.264000,0.053125,0.9375,-0.375
2018-06-13 16:21:16.275000,0.05,0.9375,-0.371875
2018-06-13 16:21:16.285000,0.046875,0.9375,-0.36875
2018-06-13 16:21:16.295000,0.046875,0.940625,-0.365625
2018-06-13 16:21:16.306000,0.046875,0.94375,-0.3625
2018-06-13 16:21:16.316000,0.046875,0.946875,-0.359375
2018-06-13 16:21:16.327000,0.046875,0.95,-0.359375
2018-06-13 16:21:16.337000,0.046875,0.95,-0.359375
2018-06-13 16:21:16.347000,0.05,0.946875,-0.3625
2018-06-13 16:21:16.358000,0.053125,0.946875,-0.365625
2018-06-13 16:21:16.368000,0.05625,0.94375,-0.36875
2018-06-13 16:21:16.379000,0.059375,0.940625,-0.371875
2018-06-13 16:21:16.389000,0.0625,0.940625,-0.375
2018-06-13 16:21:16.400000,0.059375,0.940625,-0.375
2018-06-13 16:21:16.410000,0.05625,0.940625,-0.375
2018-06-13 16:21:16.420000,0.05625,0.940625,-0.375
2018-06-13 16:21:16.431000,0.053125,0.940625,-0.375
2018-06-13 16:21:16.441000,0.05,0.940625,-0.375
2018-06-13 16:21:16.452000,0.05,0.940625,-0.375
2018-06-13 16:21:16.462000,0.05,0.9375,-0.375
2018-06-13 16:21:16.472000,0.046875,0.9375,-0.371875
2018-06-13 16:21:16.483000,0.046875,0.9375,-0.36875
2018-06-13 16:21:16.493000,0.046875,0.9375,-0.365625
2018-06-13 16:21:16.504000,0.05,0.9375,-0.3625
2018-06-13 16:21:16.514000,0.05,0.940625,-0.359375
2018-06-13 16:21:16.525000,0.05,0.940625,-0.359375
2018-06-13 16:21:16.535000,0.05,0.940625,-0.359375
2018-06-13 16:21:16.545000,0.05,0.940625,-0.359375
2018-06-13 16:21:16.556000,0.046875,0.940625,-0.359375
2018-06-13 16:21:16.566000,0.046875,0.9375,-0.359375
2018-06-13 16:21:16.577000,0.05,0.9375,-0.359375
2018-06-13 16:21:16.587000,0.05,0.9375,-0.359375
2018-06-13 16:21:16.597000,0.053125,0.940625,-0.359375
2018-06-13 16:21:16.608000,0.05625,0.940625,-0.359375
2018-06-13 16:21:16.618000,0.059375,0.940625,-0.359375
2018-06-13 16:21:16.629000,0.059375,0.940625,-0.3625
2018-06-13 16:21:16.639000,0.0625,0.940625,-0.365625
2018-06-13 16:21:16.650000,0.0625,0.9375,-0.371875
2018-06-13 16:21:16.660000,0.0625,0.9375,-0.375
2018-06-13 16:21:16.670000,0.0625,0.9375,-0.378125
2018-06-13 16:21:16.681000,0.0625,0.9375,-0.378125
2018-06-13 16:21:16.691000,0.0625,0.9375,-0.378125
2018-06-13 16:21:16.702000,0.059375,0.9375,-0.375
2018-06-13 16:21:16.712000,0.05625,0.9375,-0.375
2018-06-13 16:21:16.722000,0.05625,0.9375,-0.375
2018-06-13 16:21:16.733000,0.05625,0.9375,-0.375
2018-06-13 16:21:16.743000,0.05625,0.9375,-0.375
2018-06-13 16:21:16.754000,0.059375,0.9375,-0.378125
2018-06-13 16:21:16.764000,0.0625,0.9375,-0.378125
2018-06-13 16:21:16.775000,0.0625,0.9375,-0.378125
2018-06-13 16:21:16.785000,0.0625,0.9375,-0.38125
2018-06-13 16:21:16.795000,0.0625,0.9375,-0.384375
2018-06-13 16:21:16.806000,0.0625,0.9375,-0.384375
2018-06-13 16:21:16.816000,0.0625,0.9375,-0.3875
2018-06-13 16:21:16.827000,0.0625,0.9375,-0.390625
2018-06-13 16:21:16.837000,0.0625,0.9375,-0.390625
2018-06-13 16:21:16.847000,0.0625,0.9375,-0.390625
2018-06-13 16:21:16.858000,0.0625,0.9375,-0.3875
2018-06-13 16:21:16.868000,0.0625,0.9375,-0.3875
2018-06-13 16:21:16.879000,0.0625,0.9375,-0.3875
2018-06-13 16:21:16.889000,0.0625,0.9375,-0.3875
2018-06-13 16:21:16.900000,0.0625,0.9375,-0.384375
2018-06-13 16:21:16.910000,0.0625,0.9375,-0.384375
2018-06-13 16:21:16.920000,0.0625,0.9375,-0.384375
2018-06-13 16:21:16.931000,0.0625,0.9375,-0.384375
2018-06-13 16:21:16.941000,0.0625,0.9375,-0.384375
2018-06-13 16:21:16.952000,0.0625,0.9375,-0.3875
2018-06-13 16:21:16.962000,0.0625,0.9375,-0.390625
2018-06-13 16:21:16.972000,0.0625,0.9375,-0.390625
2018-06-13 16:21:16.983000,0.0625,0.9375,-0.390625
2018-06-13 16:21:16.993000,0.0625,0.9375,-0.390625
2018-06-13 16:21:17.004000,0.0625,0.9375,-0.390625
2018-06-13 16:21:17.014000,0.0625,0.9375,-0.3875
2018-06-13 16:21:17.025000,0.0625,0.934375,-0.384375
2018-06-13 16:21:17.035000,0.0625,0.93125,-0.384375
2018-06-13 16:21:17.045000,0.0625,0.93125,-0.384375
2018-06-13 16:21:17.056000,0.0625,0.93125,-0.384375
2018-06-13 16:21:17.066000,0.065625,0.93125,-0.3875
2018-06-13 16:21:17.077000,0.065625,0.934375,-0.390625
2018-06-13 16:21:17.087000,0.06875,0.9375,-0.390625
2018-06-13 16:21:17.097000,0.06875,0.9375,-0.390625
2018-06-13 16:21:17.108000,0.06875,0.9375,-0.390625
2018-06-13 16:21:17.118000,0.065625,0.9375,-0.3875
2018-06-13 16:21:17.129000,0.065625,0.934375,-0.384375
2018-06-13 16:21:17.139000,0.065625,0.93125,-0.38125
2018-06-13 16:21:17.150000,0.06875,0.928125,-0.38125
2018-06-13 16:21:17.160000,0.071875,0.928125,-0.38125
2018-06-13 16:21:17.170000,0.071875,0.928125,-0.384375
2018-06-13 16:21:17.181000,0.071875,0.93125,-0.3875
2018-06-13 16:21:17.191000,0.06875,0.934375,-0.390625
2018-06-13 16:21:17.202000,0.065625,0.9375,-0.390625
2018-06-13 16:21:17.212000,0.0625,0.9375,-0.390625
2018-06-13 16:21:17.222000,0.0625,0.9375,-0.390625
2018-06-13 16:21:17.233000,0.0625,0.9375,-0.390625
2018-06-13 16:21:17.243000,0.0625,0.9375,-0.390625
2018-06-13 16:21:17.254000,0.0625,0.9375,-0.390625
2018-06-13 16:21:17.264000,0.0625,0.9375,-0.390625
2018-06-13 16:21:17.275000,0.0625,0.9375,-0.390625
2018-06-13 16:21:17.285000,0.0625,0.9375,-0.390625
2018-06-13 16:21:17.295000,0.0625,0.9375,-0.390625
2018-06-13 16:21:17.306000,0.0625,0.9375,-0.390625
2018-06-13 16:21:17.316000,0.0625,0.9375,-0.390625
2018-06-13 16:21:17.327000,0.0625,0.9375,-0.390625
2018-06-13 16:21:17.337000,0.0625,0.9375,-0.3875
2018-06-13 16:21:17.347000,0.0625,0.9375,-0.384375
2018-06-13 16:21:17.358000,0.0625,0.9375,-0.38125
2018-06-13 16:21:17.368000,0.065625,0.9375,-0.378125
2018-06-13 16:21:17.379000,0.065625,0.9375,-0.375
2018-06-13 16:21:17.389000,0.065625,0.9375,-0.378125
2018-06-13 16:21:17.400000,0.06875,0.9375,-0.38125
2018-06-13 16:21:17.410000,0.071875,0.9375,-0.384375
2018-06-13 16:21:17.420000,0.06875,0.9375,-0.3875
2018-06-13 16:21:17.431000,0.06875,0.9375,-0.3875
2018-06-13 16:21:17.441000,0.06875,0.9375,-0.384375
2018-06-13 16:21:17.452000,0.0625,0.9375,-0.38125
2018-06-13 16:21:17.462000,0.05625,0.9375,-0.378125
2018-06-13 16:21:17.472000,0.053125,0.9375,-0.375
2018-06-13 16:21:17.483000,0.05,0.9375,-0.375
2018-06-13 16:21:17.493000,0.046875,0.9375,-0.375
2018-06-13 16:21:17.504000,0.05,0.9375,-0.371875
2018-06-13 16:21:17.514000,0.05,0.9375,-0.371875
2018-06-13 16:21:17.525000,0.05,0.9375,-0.371875
2018-06-13 16:21:17.535000,0.05,0.9375,-0.371875
2018-06-13 16:21:17.545000,0.053125,0.9375,-0.371875
2018-06-13 16:21:17.556000,0.05,0.9375,-0.375
2018-06-13 16:21:17.566000,0.05,0.9375,-0.375
2018-06-13 16:21:17.577000,0.05,0.9375,-0.375
2018-06-13 16:21:17.587000,0.05,0.9375,-0.375
2018-06-13 16:21:17.597000,0.046875,0.9375,-0.375
2018-06-13 16:21:17.608000,0.046875,0.9375,-0.375
2018-06-13 16:21:17.618000,0.046875,0.9375,-0.375
2018-06-13 16:21:17.629000,0.04375,0.9375,-0.375
2018-06-13 16:21:17.639000,0.040625,0.9375,-0.375
2018-06-13 16:21:17.650000,0.0375,0.9375,-0.375
2018-06-13 16:21:17.660000,0.034375,0.9375,-0.371875
2018-06-13 16:21:17.670000,0.03125,0.9375,-0.371875
2018-06-13 16:21:17.681000,0.03125,0.9375,-0.36875
2018-06-13 16:21:17.691000,0.028125,0.9375,-0.365625
2018-06-13 16:21:17.702000,0.025,0.940625,-0.3625
2018-06-13 16:21:17.712000,0.021875,0.94375,-0.365625
2018-06-13 16:21:17.722000,0.021875,0.946875,-0.3625
2018-06-13 16:21:17.733000,0.021875,0.95,-0.3625
2018-06-13 16:21:17.743000,0.025,0.953125,-0.365625
2018-06-13 16:21:17.754000,0.028125,0.95,-0.365625
2018-06-13 16:21:17.764000,0.03125,0.95,-0.365625
2018-06-13 16:21:17.775000,0.03125,0.946875,-0.36875
2018-06-13 16:21:17.785000,0.03125,0.94375,-0.371875
2018-06-13 16:21:17.795000,0.03125,0.94375,-0.371875
2018-06-13 16:21:17.806000,0.03125,0.946875,-0.375
2018-06-13 16:21:17.816000,0.03125,0.946875,-0.371875
2018-06-13 16:21:17.827000,0.03125,0.95,-0.36875
2018-06-13 16:21:17.837000,0.03125,0.95,-0.365625
2018-06-13 16:21:17.847000,0.03125,0.946875,-0.3625
2018-06-13 16:21:17.858000,0.03125,0.946875,-0.359375
2018-06-13 16:21:17.868000,0.03125,0.94375,-0.359375
2018-06-13 16:21:17.879000,0.03125,0.940625,-0.359375
2018-06-13 16:21:17.889000,0.03125,0.940625,-0.3625
2018-06-13 16:21:17.900000,0.03125,0.940625,-0.3625
2018-06-13 16:21:17.910000,0.03125,0.9375,-0.3625
2018-06-13 16:21:17.920000,0.03125,0.9375,-0.365625
2018-06-13 16:21:17.931000,0.03125,0.940625,-0.365625
2018-06-13 16:21:17.941000,0.03125,0.94375,-0.3625
2018-06-13 16:21:17.952000,0.03125,0.94375,-0.365625
2018-06-13 16:21:17.962000,0.03125,0.94375,-0.36875
2018-06-13 16:21:17.972000,0.03125,0.94375,-0.36875
2018-06-13 16:21:17.983000,0.03125,0.940625,-0.371875
2018-06-13 16:21:17.993000,0.03125,0.9375,-0.375
2018-06-13 16:21:18.004000,0.03125,0.9375,-0.375
2018-06-13 16:21:18.014000,0.034375,0.9375,-0.371875
2018-06-13 16:21:18.025000,0.0375,0.9375,-0.36875
2018-06-13 16:21:18.035000,0.040625,0.9375,-0.36875
2018-06-13 16:21:18.045000,0.04375,0.9375,-0.365625
2018-06-13 16:21:18.056000,0.046875,0.9375,-0.3625
2018-06-13 16:21:18.066000,0.04375,0.940625,-0.3625
2018-06-13 16:21:18.077000,0.040625,0.94375,-0.3625
2018-06-13 16:21:18.087000,0.0375,0.94375,-0.359375
2018-06-13 16:21:18.097000,0.0375,0.94375,-0.359375
2018-06-13 16:21:18.108000,0.0375,0.946875,-0.359375
2018-06-13 16:21:18.118000,0.040625,0.94375,-0.359375
2018-06-13 16:21:18.129000,0.04375,0.940625,-0.359375
2018-06-13 16:21:18.139000,0.04375,0.94375,-0.359375
2018-06-13 16:21:18.150000,0.040625,0.94375,-0.359375
2018-06-13 16:21:18.160000,0.0375,0.94375,-0.359375
2018-06-13 16:21:18.170000,0.034375,0.94375,-0.359375
2018-06-13 16:21:18.181000,0.034375,0.94375,-0.359375
2018-06-13 16:21:18.191000,0.0375,0.94375,-0.359375
2018-06-13 16:21:18.202000,0.0375,0.946875,-0.359375
2018-06-13 16:21:18.212000,0.0375,0.946875,-0.359375
2018-06-13 16:21:18.222000,0.0375,0.95,-0.359375
2018-06-13 16:21:18.233000,0.0375,0.953125,-0.359375
2018-06-13 16:21:18.243000,0.0375,0.953125,-0.359375
2018-06-13 16:21:18.254000,0.0375,0.953125,-0.359375
2018-06-13 16:21:18.264000,0.040625,0.95,-0.359375
2018-06-13 16:21:18.275000,0.04375,0.946875,-0.359375
2018-06-13 16:21:18.285000,0.040625,0.94375,-0.359375
2018-06-13 16:21:18.295000,0.0375,0.94375,-0.359375
2018-06-13 16:21:18.306000,0.040625,0.940625,-0.359375
2018-06-13 16:21:18.316000,0.040625,0.940625,-0.3625
2018-06-13 16:21:18.327000,0.040625,0.940625,-0.3625
2018-06-13 16:21:18.337000,0.040625,0.94375,-0.365625
2018-06-13 16:21:18.347000,0.04375,0.940625,-0.36875
2018-06-13 16:21:18.358000,0.04375,0.940625,-0.371875
2018-06-13 16:21:18.368000,0.04375,0.940625,-0.371875
2018-06-13 16:21:18.379000,0.04375,0.940625,-0.375
2018-06-13 16:21:18.389000,0.046875,0.9375,-0.375
2018-06-13 16:21:18.400000,0.046875,0.9375,-0.375
2018-06-13 16:21:18.410000,0.046875,0.940625,-0.375
2018-06-13 16:21:18.420000,0.046875,0.94375,-0.371875
2018-06-13 16:21:18.431000,0.04375,0.946875,-0.36875
2018-06-13 16:21:18.441000,0.040625,0.95,-0.365625
2018-06-13 16:21:18.452000,0.0375,0.953125,-0.3625
2018-06-13 16:21:18.462000,0.03125,0.953125,-0.359375
2018-06-13 16:21:18.472000,0.028125,0.95,-0.35625
2018-06-13 16:21:18.483000,0.028125,0.95,-0.353125
2018-06-13 16:21:18.493000,0.028125,0.95,-0.35
2018-06-13 16:21:18.504000,0.028125,0.95,-0.346875
2018-06-13 16:21:18.514000,0.03125,0.95,-0.34375
2018-06-13 16:21:18.525000,0.034375,0.953125,-0.340625
2018-06-13 16:21:18.535000,0.0375,0.953125,-0.3375
2018-06-13 16:21:18.545000,0.040625,0.953125,-0.334375
2018-06-13 16:21:18.556000,0.04375,0.953125,-0.33125
2018-06-13 16:21:18.566000,0.046875,0.953125,-0.328125
2018-06-13 16:21:18.577000,0.046875,0.953125,-0.328125
2018-06-13 16:21:18.587000,0.046875,0.953125,-0.328125
2018-06-13 16:21:18.597000,0.046875,0.953125,-0.328125
2018-06-13 16:21:18.608000,0.046875,0.953125,-0.328125
2018-06-13 16:21:18.618000,0.046875,0.953125,-0.328125
2018-06-13 16:21:18.629000,0.046875,0.953125,-0.328125
2018-06-13 16:21:18.639000,0.04375,0.95625,-0.328125
2018-06-13 16:21:18.650000,0.040625,0.95625,-0.328125
2018-06-13 16:21:18.660000,0.0375,0.95625,-0.328125
2018-06-13 16:21:18.670000,0.034375,0.95625,-0.328125
2018-06-13 16:21:18.681000,0.03125,0.959375,-0.328125
2018-06-13 16:21:18.691000,0.03125,0.95625,-0.328125
2018-06-13 16:21:18.702000,0.03125,0.95625,-0.328125
2018-06-13 16:21:18.712000,0.03125,0.95625,-0.33125
2018-06-13 16:21:18.722000,0.03125,0.95625,-0.334375
2018-06-13 16:21:18.733000,0.03125,0.953125,-0.334375
2018-06-13 16:21:18.743000,0.03125,0.953125,-0.334375
2018-06-13 16:21:18.754000,0.028125,0.953125,-0.334375
2018-06-13 16:21:18.764000,0.025,0.953125,-0.33125
2018-06-13 16:21:18.775000,0.025,0.953125,-0.328125
2018-06-13 16:21:18.785000,0.025,0.95625,-0.328125
2018-06-13 16:21:18.795000,0.021875,0.95625,-0.328125
2018-06-13 16:21:18.806000,0.025,0.95625,-0.328125
2018-06-13 16:21:18.816000,0.028125,0.95625,-0.328125
2018-06-13 16:21:18.827000,0.028125,0.95625,-0.325
2018-06-13 16:21:18.837000,0.028125,0.953125,-0.325
2018-06-13 16:21:18.847000,0.03125,0.95625,-0.325
2018-06-13 16:21:18.858000,0.03125,0.959375,-0.325
2018-06-13 16:21:18.868000,0.03125,0.959375,-0.321875
2018-06-13 16:21:18.879000,0.03125,0.9625,-0.321875
2018-06-13 16:21:18.889000,0.03125,0.9625,-0.31875
2018-06-13 16:21:18.900000,0.03125,0.959375,-0.315625
2018-06-13 16:21:18.910000,0.03125,0.959375,-0.309375
2018-06-13 16:21:18.920000,0.03125,0.959375,-0.30625
2018-06-13 16:21:18.931000,0.03125,0.959375,-0.30625
2018-06-13 16:21:18.941000,0.028125,0.9625,-0.303125
2018-06-13 16:21:18.952000,0.025,0.965625,-0.3
2018-06-13 16:21:18.962000,0.025,0.965625,-0.3
2018-06-13 16:21:18.972000,0.021875,0.96875,-0.296875
2018-06-13 16:21:18.983000,0.01875,0.96875,-0.290625
2018-06-13 16:21:18.993000,0.01875,0.96875,-0.2875
2018-06-13 16:21:19.004000,0.021875,0.971875,-0.28125
2018-06-13 16:21:19.014000,0.021875,0.971875,-0.278125
2018-06-13 16:21:19.025000,0.021875,0.971875,-0.275
2018-06-13 16:21:19.035000,0.025,0.971875,-0.271875
2018-06-13 16:21:19.045000,0.025,0.971875,-0.26875
2018-06-13 16:21:19.056000,0.021875,0.96875,-0.26875
2018-06-13 16:21:19.066000,0.021875,0.96875,-0.265625
2018-06-13 16:21:19.077000,0.021875,0.96875,-0.265625
2018-06-13 16:21:19.087000,0.021875,0.96875,-0.265625
2018-06-13 16:21:19.097000,0.021875,0.96875,-0.265625
2018-06-13 16:21:19.108000,0.021875,0.96875,-0.265625
2018-06-13 16:21:19.118000,0.01875,0.96875,-0.26875
2018-06-13 16:21:19.129000,0.01875,0.971875,-0.26875
2018-06-13 16:21:19.139000,0.015625,0.971875,-0.271875
2018-06-13 16:21:19.150000,0.015625,0.971875,-0.275
2018-06-13 16:21:19.160000,0.015625,0.971875,-0.278125
2018-06-13 16:21:19.170000,0.015625,0.975,-0.278125
2018-06-13 16:21:19.181000,0.015625,0.971875,-0.28125
2018-06-13 16:21:19.191000,0.015625,0.971875,-0.28125
2018-06-13 16:21:19.202000,0.015625,0.971875,-0.28125
2018-06-13 16:21:19.212000,0.015625,0.971875,-0.28125
2018-06-13 16:21:19.222000,0.01875,0.96875,-0.28125
2018-06-13 16:21:19.233000,0.021875,0.965625,-0.278125
2018-06-13 16:21:19.243000,0.025,0.965625,-0.278125
2018-06-13 16:21:19.254000,0.025,0.96875,-0.278125
2018-06-13 16:21:19.264000,0.025,0.971875,-0.275
2018-06-13 16:21:19.275000,0.021875,0.971875,-0.271875
2018-06-13 16:21:19.285000,0.01875,0.975,-0.271875
2018-06-13 16:21:19.295000,0.015625,0.975,-0.26875
2018-06-13 16:21:19.306000,0.01875,0.971875,-0.2625
2018-06-13 16:21:19.316000,0.01875,0.96875,-0.259375
2018-06-13 16:21:19.327000,0.021875,0.96875,-0.25625
2018-06-13 16:21:19.337000,0.025,0.96875,-0.253125
2018-06-13 16:21:19.347000,0.025,0.971875,-0.25
2018-06-13 16:21:19.358000,0.025,0.975,-0.253125
2018-06-13 16:21:19.368000,0.025,0.975,-0.253125
2018-06-13 16:21:19.379000,0.021875,0.975,-0.253125
2018-06-13 16:21:19.389000,0.01875,0.978125,-0.253125
2018-06-13 16:21:19.400000,0.01875,0.978125,-0.253125
2018-06-13 16:21:19.410000,0.015625,0.975,-0.253125
2018-06-13 16:21:19.420000,0.015625,0.978125,-0.25625
2018-06-13 16:21:19.431000,0.0125,0.98125,-0.259375
2018-06-13 16:21:19.441000,0.009375,0.98125,-0.265625
2018-06-13 16:21:19.452000,0.00625,0.98125,-0.275
2018-06-13 16:21:19.462000,0.003125,0.98125,-0.28125
2018-06-13 16:21:19.472000,0.0,0.978125,-0.290625
2018-06-13 16:21:19.483000,0.003125,0.971875,-0.303125
2018-06-13 16:21:19.493000,0.00625,0.965625,-0.3125
2018-06-13 16:21:19.504000,0.009375,0.959375,-0.321875
2018-06-13 16:21:19.514000,0.0125,0.95625,-0.334375
2018-06-13 16:21:19.525000,0.01875,0.95,-0.346875
2018-06-13 16:21:19.535000,0.021875,0.946875,-0.35625
2018-06-13 16:21:19.545000,0.025,0.94375,-0.365625
2018-06-13 16:21:19.556000,0.03125,0.940625,-0.371875
2018-06-13 16:21:19.566000,0.0375,0.9375,-0.375
2018-06-13 16:21:19.577000,0.040625,0.934375,-0.378125
2018-06-13 16:21:19.587000,0.04375,0.934375,-0.38125
2018-06-13 16:21:19.597000,0.046875,0.934375,-0.384375
2018-06-13 16:21:19.608000,0.046875,0.934375,-0.384375
2018-06-13 16:21:19.618000,0.046875,0.934375,-0.38125
2018-06-13 16:21:19.629000,0.046875,0.9375,-0.375
2018-06-13 16:21:19.639000,0.046875,0.940625,-0.36875
2018-06-13 16:21:19.650000,0.046875,0.94375,-0.3625
2018-06-13 16:21:19.660000,0.046875,0.946875,-0.35625
2018-06-13 16:21:19.670000,0.046875,0.95,-0.353125
2018-06-13 16:21:19.681000,0.046875,0.953125,-0.35
2018-06-13 16:21:19.691000,0.04375,0.953125,-0.346875
2018-06-13 16:21:19.702000,0.040625,0.953125,-0.34375
2018-06-13 16:21:19.712000,0.0375,0.953125,-0.34375
2018-06-13 16:21:19.722000,0.0375,0.953125,-0.34375
2018-06-13 16:21:19.733000,0.0375,0.953125,-0.34375
2018-06-13 16:21:19.743000,0.040625,0.953125,-0.34375
2018-06-13 16:21:19.754000,0.04375,0.95,-0.34375
2018-06-13 16:21:19.764000,0.05,0.946875,-0.34375
2018-06-13 16:21:19.775000,0.053125,0.94375,-0.346875
2018-06-13 16:21:19.785000,0.05625,0.940625,-0.35
2018-06-13 16:21:19.795000,0.059375,0.9375,-0.353125
2018-06-13 16:21:19.806000,0.0625,0.9375,-0.359375
2018-06-13 16:21:19.816000,0.0625,0.9375,-0.3625
2018-06-13 16:21:19.827000,0.0625,0.9375,-0.3625
2018-06-13 16:21:19.837000,0.0625,0.9375,-0.3625
2018-06-13 16:21:19.847000,0.0625,0.940625,-0.3625
2018-06-13 16:21:19.858000,0.0625,0.940625,-0.3625
2018-06-13 16:21:19.868000,0.059375,0.940625,-0.365625
2018-06-13 16:21:19.879000,0.05625,0.94375,-0.365625
2018-06-13 16:21:19.889000,0.053125,0.94375,-0.365625
2018-06-13 16:21:19.900000,0.05,0.94375,-0.365625
2018-06-13 16:21:19.910000,0.046875,0.94375,-0.359375
2018-06-13 16:21:19.920000,0.046875,0.94375,-0.35625
2018-06-13 16:21:19.931000,0.046875,0.94375,-0.353125
2018-06-13 16:21:19.941000,0.046875,0.94375,-0.35
2018-06-13 16:21:19.952000,0.046875,0.94375,-0.346875
2018-06-13 16:21:19.962000,0.046875,0.946875,-0.346875
2018-06-13 16:21:19.972000,0.046875,0.95,-0.34375
2018-06-13 16:21:19.983000,0.046875,0.95,-0.34375
2018-06-13 16:21:19.993000,0.046875,0.95,-0.34375
2018-06-13 16:21:20.004000,0.046875,0.95,-0.34375
2018-06-13 16:21:20.014000,0.046875,0.95,-0.346875
2018-06-13 16:21:20.025000,0.046875,0.95,-0.35
2018-06-13 16:21:20.035000,0.046875,0.946875,-0.353125
2018-06-13 16:21:20.045000,0.046875,0.946875,-0.35625
2018-06-13 16:21:20.056000,0.05,0.94375,-0.359375
2018-06-13 16:21:20.066000,0.05,0.940625,-0.359375
2018-06-13 16:21:20.077000,0.05,0.9375,-0.359375
2018-06-13 16:21:20.087000,0.05,0.9375,-0.35625
2018-06-13 16:21:20.097000,0.05,0.9375,-0.353125
2018-06-13 16:21:20.108000,0.046875,0.940625,-0.353125
2018-06-13 16:21:20.118000,0.046875,0.94375,-0.35
2018-06-13 16:21:20.129000,0.046875,0.946875,-0.346875
2018-06-13 16:21:20.139000,0.046875,0.95,-0.346875
2018-06-13 16:21:20.150000,0.046875,0.953125,-0.346875
2018-06-13 16:21:20.160000,0.046875,0.953125,-0.34375
2018-06-13 16:21:20.170000,0.046875,0.95,-0.346875
2018-06-13 16:21:20.180000,0.046875,0.95,-0.346875
2018-06-13 16:21:20.191000,0.046875,0.946875,-0.35
2018-06-13 16:21:20.201000,0.046875,0.94375,-0.353125
2018-06-13 16:21:20.212000,0.046875,0.940625,-0.35625
2018-06-13 16:21:20.222000,0.046875,0.940625,-0.35625
2018-06-13 16:21:20.232000,0.046875,0.940625,-0.359375
2018-06-13 16:21:20.243000,0.046875,0.940625,-0.359375
2018-06-13 16:21:20.253000,0.046875,0.940625,-0.359375
2018-06-13 16:21:20.263000,0.046875,0.940625,-0.3625
2018-06-13 16:21:20.274000,0.046875,0.940625,-0.3625
2018-06-13 16:21:20.284000,0.046875,0.9375,-0.3625
2018-06-13 16:21:20.294000,0.046875,0.9375,-0.3625
2018-06-13 16:21:20.305000,0.046875,0.9375,-0.365625
2018-06-13 16:21:20.315000,0.046875,0.9375,-0.365625
2018-06-13 16:21:20.325000,0.046875,0.940625,-0.36875
2018-06-13 16:21:20.335000,0.046875,0.940625,-0.36875
2018-06-13 16:21:20.346000,0.046875,0.940625,-0.36875
2018-06-13 16:21:20.356000,0.046875,0.940625,-0.365625
2018-06-13 16:21:20.367000,0.046875,0.940625,-0.3625
2018-06-13 16:21:20.377000,0.046875,0.940625,-0.35625
2018-06-13 16:21:20.387000,0.046875,0.940625,-0.353125
2018-06-13 16:21:20.397000,0.046875,0.94375,-0.35
2018-06-13 16:21:20.408000,0.04375,0.946875,-0.346875
2018-06-13 16:21:20.418000,0.04375,0.95,-0.340625
2018-06-13 16:21:20.429000,0.040625,0.95,-0.340625
2018-06-13 16:21:20.439000,0.0375,0.953125,-0.340625
2018-06-13 16:21:20.449000,0.0375,0.953125,-0.3375
2018-06-13 16:21:20.459000,0.0375,0.953125,-0.3375
2018-06-13 16:21:20.470000,0.034375,0.95,-0.340625
2018-06-13 16:21:20.480000,0.034375,0.95,-0.340625
2018-06-13 16:21:20.491000,0.0375,0.95,-0.340625
2018-06-13 16:21:20.501000,0.034375,0.95,-0.34375
2018-06-13 16:21:20.511000,0.034375,0.95,-0.34375
2018-06-13 16:21:20.521000,0.034375,0.953125,-0.34375
2018-06-13 16:21:20.532000,0.034375,0.953125,-0.34375
2018-06-13 16:21:20.542000,0.03125,0.953125,-0.34375
2018-06-13 16:21:20.553000,0.03125,0.953125,-0.34375
2018-06-13 16:21:20.563000,0.028125,0.953125,-0.34375
2018-06-13 16:21:20.573000,0.025,0.953125,-0.34375
2018-06-13 16:21:20.583000,0.021875,0.95625,-0.34375
2018-06-13 16:21:20.594000,0.01875,0.959375,-0.340625
2018-06-13 16:21:20.604000,0.0125,0.9625,-0.3375
2018-06-13 16:21:20.615000,0.009375,0.9625,-0.334375
2018-06-13 16:21:20.625000,0.009375,0.9625,-0.334375
2018-06-13 16:21:20.635000,0.0125,0.95625,-0.3375
2018-06-13 16:21:20.645000,0.015625,0.95,-0.34375
2018-06-13 16:21:20.656000,0.021875,0.94375,-0.353125
2018-06-13 16:21:20.666000,0.028125,0.940625,-0.3625
2018-06-13 16:21:20.677000,0.03125,0.9375,-0.36875
2018-06-13 16:21:20.687000,0.03125,0.9375,-0.375
2018-06-13 16:21:20.697000,0.03125,0.940625,-0.378125
2018-06-13 16:21:20.708000,0.03125,0.94375,-0.378125
2018-06-13 16:21:20.718000,0.028125,0.94375,-0.378125
2018-06-13 16:21:20.728000,0.025,0.946875,-0.378125
2018-06-13 16:21:20.738000,0.025,0.946875,-0.375
2018-06-13 16:21:20.749000,0.025,0.94375,-0.375
2018-06-13 16:21:20.759000,0.025,0.940625,-0.375
2018-06-13 16:21:20.770000,0.028125,0.940625,-0.375
2018-06-13 16:21:20.780000,0.03125,0.9375,-0.371875
2018-06-13 16:21:20.790000,0.03125,0.9375,-0.371875
2018-06-13 16:21:20.800000,0.03125,0.9375,-0.371875
2018-06-13 16:21:20.811000,0.03125,0.9375,-0.36875
2018-06-13 16:21:20.821000,0.03125,0.9375,-0.36875
2018-06-13 16:21:20.832000,0.03125,0.9375,-0.371875
2018-06-13 16:21:20.842000,0.03125,0.9375,-0.371875
2018-06-13 16:21:20.852000,0.03125,0.9375,-0.371875
2018-06-13 16:21:20.862000,0.03125,0.9375,-0.375
2018-06-13 16:21:20.873000,0.03125,0.9375,-0.375
2018-06-13 16:21:20.883000,0.03125,0.9375,-0.375
2018-06-13 16:21:20.894000,0.03125,0.9375,-0.378125
2018-06-13 16:21:20.904000,0.03125,0.9375,-0.378125
2018-06-13 16:21:20.914000,0.03125,0.9375,-0.378125
2018-06-13 16:21:20.924000,0.03125,0.9375,-0.378125
2018-06-13 16:21:20.935000,0.03125,0.9375,-0.378125
2018-06-13 16:21:20.945000,0.03125,0.940625,-0.375
2018-06-13 16:21:20.956000,0.03125,0.940625,-0.378125
2018-06-13 16:21:20.966000,0.03125,0.940625,-0.38125
2018-06-13 16:21:20.976000,0.03125,0.940625,-0.384375
2018-06-13 16:21:20.986000,0.03125,0.940625,-0.3875
2018-06-13 16:21:20.997000,0.03125,0.9375,-0.3875
2018-06-13 16:21:21.007000,0.03125,0.9375,-0.3875
2018-06-13 16:21:21.018000,0.03125,0.9375,-0.384375
2018-06-13 16:21:21.028000,0.03125,0.9375,-0.38125
2018-06-13 16:21:21.038000,0.03125,0.9375,-0.378125
2018-06-13 16:21:21.048000,0.03125,0.9375,-0.378125
2018-06-13 16:21:21.059000,0.03125,0.9375,-0.375
2018-06-13 16:21:21.069000,0.03125,0.9375,-0.375
2018-06-13 16:21:21.080000,0.03125,0.940625,-0.371875
2018-06-13 16:21:21.090000,0.03125,0.94375,-0.371875
2018-06-13 16:21:21.100000,0.028125,0.946875,-0.371875
2018-06-13 16:21:21.111000,0.028125,0.946875,-0.371875
2018-06-13 16:21:21.121000,0.028125,0.946875,-0.371875
2018-06-13 16:21:21.131000,0.028125,0.94375,-0.375
2018-06-13 16:21:21.141000,0.028125,0.94375,-0.375
2018-06-13 16:21:21.152000,0.03125,0.940625,-0.375
2018-06-13 16:21:21.162000,0.03125,0.940625,-0.375
2018-06-13 16:21:21.173000,0.03125,0.940625,-0.378125
2018-06-13 16:21:21.183000,0.03125,0.940625,-0.38125
2018-06-13 16:21:21.193000,0.03125,0.9375,-0.384375
2018-06-13 16:21:21.203000,0.03125,0.9375,-0.384375
2018-06-13 16:21:21.214000,0.03125,0.9375,-0.384375
2018-06-13 16:21:21.224000,0.03125,0.9375,-0.38125
2018-06-13 16:21:21.235000,0.03125,0.9375,-0.378125
2018-06-13 16:21:21.245000,0.03125,0.9375,-0.375
2018-06-13 16:21:21.255000,0.03125,0.9375,-0.375
2018-06-13 16:21:21.265000,0.03125,0.9375,-0.378125
2018-06-13 16:21:21.276000,0.03125,0.9375,-0.38125
2018-06-13 16:21:21.286000,0.03125,0.9375,-0.384375
2018-06-13 16:21:21.297000,0.03125,0.9375,-0.3875
2018-06-13 16:21:21.307000,0.03125,0.9375,-0.3875
2018-06-13 16:21:21.317000,0.03125,0.9375,-0.384375
2018-06-13 16:21:21.327000,0.034375,0.9375,-0.38125
2018-06-13 16:21:21.338000,0.034375,0.9375,-0.378125
2018-06-13 16:21:21.348000,0.0375,0.9375,-0.378125
2018-06-13 16:21:21.359000,0.0375,0.9375,-0.38125
2018-06-13 16:21:21.369000,0.0375,0.9375,-0.384375
2018-06-13 16:21:21.379000,0.034375,0.940625,-0.3875
2018-06-13 16:21:21.389000,0.034375,0.94375,-0.3875
2018-06-13 16:21:21.400000,0.03125,0.946875,-0.3875
2018-06-13 16:21:21.410000,0.028125,0.946875,-0.3875
2018-06-13 16:21:21.421000,0.028125,0.95,-0.384375
2018-06-13 16:21:21.431000,0.025,0.946875,-0.38125
2018-06-13 16:21:21.442000,0.021875,0.94375,-0.378125
2018-06-13 16:21:21.452000,0.01875,0.940625,-0.375
2018-06-13 16:21:21.462000,0.021875,0.940625,-0.371875
2018-06-13 16:21:21.473000,0.021875,0.9375,-0.36875
2018-06-13 16:21:21.483000,0.025,0.9375,-0.365625
2018-06-13 16:21:21.494000,0.025,0.9375,-0.36875
2018-06-13 16:21:21.504000,0.025,0.9375,-0.36875
2018-06-13 16:21:21.514000,0.021875,0.9375,-0.36875
2018-06-13 16:21:21.525000,0.01875,0.9375,-0.371875
2018-06-13 16:21:21.535000,0.01875,0.9375,-0.375
2018-06-13 16:21:21.546000,0.021875,0.9375,-0.375
2018-06-13 16:21:21.556000,0.021875,0.9375,-0.378125
2018-06-13 16:21:21.567000,0.025,0.9375,-0.38125
2018-06-13 16:21:21.577000,0.025,0.9375,-0.384375
2018-06-13 16:21:21.587000,0.025,0.9375,-0.3875
2018-06-13 16:21:21.598000,0.025,0.9375,-0.390625
2018-06-13 16:21:21.608000,0.025,0.9375,-0.390625
2018-06-13 16:21:21.619000,0.021875,0.9375,-0.390625
2018-06-13 16:21:21.629000,0.025,0.9375,-0.390625
2018-06-13 16:21:21.639000,0.025,0.9375,-0.390625
2018-06-13 16:21:21.650000,0.025,0.934375,-0.390625
2018-06-13 16:21:21.660000,0.028125,0.934375,-0.390625
2018-06-13 16:21:21.671000,0.03125,0.934375,-0.3875
2018-06-13 16:21:21.681000,0.03125,0.934375,-0.3875
2018-06-13 16:21:21.692000,0.03125,0.934375,-0.384375
2018-06-13 16:21:21.702000,0.03125,0.9375,-0.378125
2018-06-13 16:21:21.712000,0.03125,0.9375,-0.375
2018-06-13 16:21:21.723000,0.03125,0.9375,-0.375
2018-06-13 16:21:21.733000,0.034375,0.9375,-0.371875
2018-06-13 16:21:21.744000,0.034375,0.9375,-0.371875
2018-06-13 16:21:21.754000,0.034375,0.9375,-0.375
2018-06-13 16:21:21.764000,0.034375,0.9375,-0.375
2018-06-13 16:21:21.775000,0.034375,0.940625,-0.375
2018-06-13 16:21:21.785000,0.03125,0.940625,-0.375
2018-06-13 16:21:21.796000,0.03125,0.940625,-0.375
2018-06-13 16:21:21.806000,0.03125,0.940625,-0.375
2018-06-13 16:21:21.817000,0.03125,0.940625,-0.378125
2018-06-13 16:21:21.827000,0.034375,0.9375,-0.38125
2018-06-13 16:21:21.837000,0.0375,0.9375,-0.38125
2018-06-13 16:21:21.848000,0.040625,0.9375,-0.384375
2018-06-13 16:21:21.858000,0.04375,0.9375,-0.3875
2018-06-13 16:21:21.869000,0.046875,0.9375,-0.3875
2018-06-13 16:21:21.879000,0.046875,0.934375,-0.3875
2018-06-13 16:21:21.889000,0.046875,0.93125,-0.390625
2018-06-13 16:21:21.900000,0.046875,0.93125,-0.390625
2018-06-13 16:21:21.910000,0.046875,0.93125,-0.390625
2018-06-13 16:21:21.921000,0.046875,0.93125,-0.3875
2018-06-13 16:21:21.931000,0.046875,0.93125,-0.384375
2018-06-13 16:21:21.942000,0.046875,0.934375,-0.384375
2018-06-13 16:21:21.952000,0.046875,0.934375,-0.384375
2018-06-13 16:21:21.962000,0.046875,0.934375,-0.384375
2018-06-13 16:21:21.973000,0.046875,0.934375,-0.384375
2018-06-13 16:21:21.983000,0.046875,0.9375,-0.3875
2018-06-13 16:21:21.994000,0.046875,0.9375,-0.384375
2018-06-13 16:21:22.004000,0.046875,0.9375,-0.38125
2018-06-13 16:21:22.014000,0.046875,0.9375,-0.378125
2018-06-13 16:21:22.025000,0.046875,0.9375,-0.378125
2018-06-13 16:21:22.035000,0.046875,0.9375,-0.375
2018-06-13 16:21:22.046000,0.046875,0.9375,-0.375
2018-06-13 16:21:22.056000,0.046875,0.9375,-0.375
2018-06-13 16:21:22.067000,0.046875,0.9375,-0.371875
2018-06-13 16:21:22.077000,0.046875,0.9375,-0.36875
2018-06-13 16:21:22.087000,0.046875,0.9375,-0.36875
2018-06-13 16:21:22.098000,0.046875,0.9375,-0.365625
2018-06-13 16:21:22.108000,0.046875,0.9375,-0.365625
2018-06-13 16:21:22.119000,0.046875,0.9375,-0.36875
2018-06-13 16:21:22.129000,0.046875,0.9375,-0.36875
2018-06-13 16:21:22.139000,0.046875,0.9375,-0.365625
2018-06-13 16:21:22.150000,0.046875,0.9375,-0.365625
2018-06-13 16:21:22.160000,0.046875,0.9375,-0.3625
2018-06-13 16:21:22.171000,0.046875,0.9375,-0.359375
2018-06-13 16:21:22.181000,0.046875,0.940625,-0.3625
2018-06-13 16:21:22.192000,0.046875,0.940625,-0.3625
2018-06-13 16:21:22.202000,0.046875,0.940625,-0.365625
2018-06-13 16:21:22.212000,0.046875,0.940625,-0.365625
2018-06-13 16:21:22.223000,0.04375,0.94375,-0.365625
2018-06-13 16:21:22.233000,0.040625,0.940625,-0.3625
2018-06-13 16:21:22.244000,0.040625,0.940625,-0.3625
2018-06-13 16:21:22.254000,0.0375,0.94375,-0.359375
2018-06-13 16:21:22.264000,0.034375,0.94375,-0.359375
2018-06-13 16:21:22.275000,0.034375,0.94375,-0.359375
2018-06-13 16:21:22.285000,0.034375,0.946875,-0.359375
2018-06-13 16:21:22.296000,0.03125,0.95,-0.359375
2018-06-13 16:21:22.306000,0.03125,0.95,-0.359375
2018-06-13 16:21:22.317000,0.03125,0.953125,-0.359375
2018-06-13 16:21:22.327000,0.03125,0.95,-0.359375
2018-06-13 16:21:22.337000,0.03125,0.95,-0.35625
2018-06-13 16:21:22.348000,0.034375,0.95,-0.353125
2018-06-13 16:21:22.358000,0.0375,0.95,-0.35
2018-06-13 16:21:22.369000,0.040625,0.946875,-0.346875
2018-06-13 16:21:22.379000,0.04375,0.95,-0.34375
2018-06-13 16:21:22.389000,0.046875,0.95,-0.34375
2018-06-13 16:21:22.400000,0.046875,0.95,-0.34375
2018-06-13 16:21:22.410000,0.046875,0.946875,-0.34375
2018-06-13 16:21:22.421000,0.046875,0.95,-0.34375
2018-06-13 16:21:22.431000,0.04375,0.95,-0.34375
2018-06-13 16:21:22.442000,0.04375,0.95,-0.34375
2018-06-13 16:21:22.452000,0.04375,0.95,-0.34375
2018-06-13 16:21:22.462000,0.04375,0.953125,-0.34375
2018-06-13 16:21:22.473000,0.04375,0.953125,-0.34375
2018-06-13 16:21:22.483000,0.04375,0.953125,-0.34375
2018-06-13 16:21:22.494000,0.040625,0.953125,-0.34375
2018-06-13 16:21:22.504000,0.040625,0.953125,-0.34375
2018-06-13 16:21:22.514000,0.040625,0.953125,-0.346875
2018-06-13 16:21:22.525000,0.040625,0.953125,-0.35
2018-06-13 16:21:22.535000,0.04375,0.95,-0.353125
2018-06-13 16:21:22.546000,0.046875,0.95,-0.35625
2018-06-13 16:21:22.556000,0.046875,0.946875,-0.359375
2018-06-13 16:21:22.567000,0.046875,0.94375,-0.359375
2018-06-13 16:21:22.577000,0.046875,0.940625,-0.3625
2018-06-13 16:21:22.587000,0.046875,0.940625,-0.3625
2018-06-13 16:21:22.598000,0.046875,0.9375,-0.3625
2018-06-13 16:21:22.608000,0.046875,0.9375,-0.3625
2018-06-13 16:21:22.619000,0.046875,0.9375,-0.3625
2018-06-13 16:21:22.629000,0.046875,0.9375,-0.359375
2018-06-13 16:21:22.639000,0.04375,0.9375,-0.359375
2018-06-13 16:21:22.650000,0.040625,0.940625,-0.359375
2018-06-13 16:21:22.660000,0.0375,0.94375,-0.359375
2018-06-13 16:21:22.671000,0.034375,0.946875,-0.35625
2018-06-13 16:21:22.681000,0.03125,0.95,-0.353125
2018-06-13 16:21:22.692000,0.034375,0.953125,-0.35
2018-06-13 16:21:22.702000,0.0375,0.953125,-0.346875
2018-06-13 16:21:22.712000,0.040625,0.953125,-0.34375
2018-06-13 16:21:22.723000,0.04375,0.953125,-0.34375
2018-06-13 16:21:22.733000,0.046875,0.953125,-0.34375
2018-06-13 16:21:22.744000,0.046875,0.953125,-0.34375
2018-06-13 16:21:22.754000,0.046875,0.953125,-0.34375
2018-06-13 16:21:22.764000,0.046875,0.95,-0.34375
2018-06-13 16:21:22.775000,0.046875,0.946875,-0.34375
2018-06-13 16:21:22.785000,0.046875,0.94375,-0.34375
2018-06-13 16:21:22.796000,0.046875,0.94375,-0.34375
2018-06-13 16:21:22.806000,0.046875,0.94375,-0.34375
2018-06-13 16:21:22.817000,0.046875,0.946875,-0.34375
2018-06-13 16:21:22.827000,0.046875,0.95,-0.346875
2018-06-13 16:21:22.837000,0.046875,0.953125,-0.35
2018-06-13 16:21:22.848000,0.046875,0.953125,-0.353125
2018-06-13 16:21:22.858000,0.046875,0.953125,-0.35625
2018-06-13 16:21:22.869000,0.04375,0.953125,-0.359375
2018-06-13 16:21:22.879000,0.04375,0.953125,-0.35625
2018-06-13 16:21:22.889000,0.04375,0.95,-0.35
2018-06-13 16:21:22.900000,0.04375,0.946875,-0.346875
2018-06-13 16:21:22.910000,0.04375,0.94375,-0.346875
2018-06-13 16:21:22.921000,0.046875,0.940625,-0.346875
2018-06-13 16:21:22.931000,0.05,0.9375,-0.35
2018-06-13 16:21:22.942000,0.05,0.9375,-0.35625
2018-06-13 16:21:22.952000,0.05,0.9375,-0.359375
2018-06-13 16:21:22.962000,0.05,0.940625,-0.359375
2018-06-13 16:21:22.973000,0.05,0.94375,-0.35625
2018-06-13 16:21:22.983000,0.046875,0.946875,-0.353125
2018-06-13 16:21:22.994000,0.046875,0.95,-0.35
2018-06-13 16:21:23.004000,0.046875,0.953125,-0.34375
2018-06-13 16:21:23.014000,0.04375,0.953125,-0.340625
2018-06-13 16:21:23.025000,0.04375,0.953125,-0.340625
2018-06-13 16:21:23.035000,0.04375,0.953125,-0.340625
2018-06-13 16:21:23.046000,0.04375,0.953125,-0.340625
2018-06-13 16:21:23.056000,0.04375,0.953125,-0.34375
2018-06-13 16:21:23.067000,0.046875,0.95,-0.34375
2018-06-13 16:21:23.077000,0.046875,0.946875,-0.346875
2018-06-13 16:21:23.087000,0.046875,0.946875,-0.35
2018-06-13 16:21:23.098000,0.046875,0.946875,-0.353125
2018-06-13 16:21:23.108000,0.046875,0.946875,-0.35625
2018-06-13 16:21:23.119000,0.046875,0.946875,-0.359375
2018-06-13 16:21:23.129000,0.046875,0.95,-0.3625
2018-06-13 16:21:23.139000,0.046875,0.946875,-0.365625
2018-06-13 16:21:23.150000,0.046875,0.94375,-0.36875
2018-06-13 16:21:23.160000,0.046875,0.940625,-0.36875
2018-06-13 16:21:23.171000,0.046875,0.940625,-0.36875
2018-06-13 16:21:23.181000,0.046875,0.9375,-0.36875
2018-06-13 16:21:23.192000,0.046875,0.9375,-0.36875
2018-06-13 16:21:23.202000,0.046875,0.9375,-0.365625
2018-06-13 16:21:23.212000,0.046875,0.9375,-0.36875
2018-06-13 16:21:23.223000,0.046875,0.9375,-0.371875
2018-06-13 16:21:23.233000,0.046875,0.9375,-0.371875
2018-06-13 16:21:23.244000,0.046875,0.9375,-0.371875
2018-06-13 16:21:23.254000,0.046875,0.9375,-0.375
2018-06-13 16:21:23.264000,0.046875,0.9375,-0.375
2018-06-13 16:21:23.275000,0.05,0.9375,-0.375
2018-06-13 16:21:23.285000,0.053125,0.9375,-0.375
2018-06-13 16:21:23.296000,0.05625,0.9375,-0.375
2018-06-13 16:21:23.306000,0.059375,0.9375,-0.375
2018-06-13 16:21:23.317000,0.0625,0.9375,-0.375
2018-06-13 16:21:23.327000,0.059375,0.9375,-0.375
2018-06-13 16:21:23.337000,0.05625,0.9375,-0.375
2018-06-13 16:21:23.348000,0.05625,0.9375,-0.371875
2018-06-13 16:21:23.358000,0.053125,0.9375,-0.371875
2018-06-13 16:21:23.369000,0.053125,0.9375,-0.371875
2018-06-13 16:21:23.379000,0.053125,0.9375,-0.371875
2018-06-13 16:21:23.389000,0.053125,0.9375,-0.371875
2018-06-13 16:21:23.400000,0.053125,0.9375,-0.378125
2018-06-13 16:21:23.410000,0.05625,0.9375,-0.38125
2018-06-13 16:21:23.421000,0.05625,0.9375,-0.384375
2018-06-13 16:21:23.431000,0.05625,0.9375,-0.3875
2018-06-13 16:21:23.442000,0.05625,0.9375,-0.390625
2018-06-13 16:21:23.452000,0.053125,0.934375,-0.390625
2018-06-13 16:21:23.462000,0.053125,0.934375,-0.39375
2018-06-13 16:21:23.473000,0.053125,0.934375,-0.39375
2018-06-13 16:21:23.483000,0.05625,0.934375,-0.39375
2018-06-13 16:21:23.494000,0.05625,0.934375,-0.39375
2018-06-13 16:21:23.504000,0.05625,0.9375,-0.39375
2018-06-13 16:21:23.514000,0.05625,0.9375,-0.3875
2018-06-13 16:21:23.525000,0.05625,0.9375,-0.384375
2018-06-13 16:21:23.535000,0.053125,0.9375,-0.38125
2018-06-13 16:21:23.546000,0.053125,0.940625,-0.378125
2018-06-13 16:21:23.556000,0.053125,0.940625,-0.371875
2018-06-13 16:21:23.567000,0.046875,0.94375,-0.36875
2018-06-13 16:21:23.577000,0.040625,0.94375,-0.365625
2018-06-13 16:21:23.587000,0.040625,0.94375,-0.3625
2018-06-13 16:21:23.598000,0.040625,0.940625,-0.3625
2018-06-13 16:21:23.608000,0.040625,0.940625,-0.365625
2018-06-13 16:21:23.619000,0.04375,0.9375,-0.36875
2018-06-13 16:21:23.629000,0.046875,0.9375,-0.371875
2018-06-13 16:21:23.639000,0.046875,0.9375,-0.375
2018-06-13 16:21:23.650000,0.04375,0.9375,-0.375
2018-06-13 16:21:23.660000,0.040625,0.9375,-0.375
2018-06-13 16:21:23.671000,0.0375,0.9375,-0.375
2018-06-13 16:21:23.681000,0.03125,0.9375,-0.375
2018-06-13 16:21:23.692000,0.028125,0.9375,-0.375
2018-06-13 16:21:23.702000,0.028125,0.9375,-0.378125
2018-06-13 16:21:23.712000,0.028125,0.9375,-0.38125
2018-06-13 16:21:23.723000,0.028125,0.9375,-0.38125
2018-06-13 16:21:23.733000,0.03125,0.9375,-0.384375
2018-06-13 16:21:23.744000,0.03125,0.9375,-0.3875
2018-06-13 16:21:23.754000,0.034375,0.934375,-0.3875
2018-06-13 16:21:23.764000,0.034375,0.93125,-0.3875
2018-06-13 16:21:23.775000,0.0375,0.93125,-0.390625
2018-06-13 16:21:23.785000,0.0375,0.93125,-0.390625
2018-06-13 16:21:23.796000,0.0375,0.93125,-0.390625
2018-06-13 16:21:23.806000,0.034375,0.934375,-0.390625
2018-06-13 16:21:23.817000,0.034375,0.9375,-0.390625
2018-06-13 16:21:23.827000,0.034375,0.934375,-0.390625
2018-06-13 16:21:23.837000,0.0375,0.934375,-0.390625
2018-06-13 16:21:23.848000,0.040625,0.934375,-0.390625
2018-06-13 16:21:23.858000,0.040625,0.934375,-0.390625
2018-06-13 16:21:23.869000,0.040625,0.934375,-0.390625
2018-06-13 16:21:23.879000,0.0375,0.9375,-0.39375
2018-06-13 16:21:23.889000,0.0375,0.934375,-0.396875
2018-06-13 16:21:23.900000,0.0375,0.934375,-0.4
2018-06-13 16:21:23.910000,0.040625,0.93125,-0.4
2018-06-13 16:21:23.921000,0.040625,0.928125,-0.4
2018-06-13 16:21:23.931000,0.040625,0.925,-0.396875
2018-06-13 16:21:23.942000,0.0375,0.928125,-0.39375
2018-06-13 16:21:23.952000,0.034375,0.925,-0.390625
2018-06-13 16:21:23.962000,0.03125,0.925,-0.39375
2018-06-13 16:21:23.973000,0.03125,0.925,-0.396875
2018-06-13 16:21:23.983000,0.03125,0.925,-0.4
2018-06-13 16:21:23.994000,0.03125,0.921875,-0.403125
2018-06-13 16:21:24.004000,0.03125,0.921875,-0.409375
2018-06-13 16:21:24.014000,0.03125,0.921875,-0.4125
2018-06-13 16:21:24.025000,0.03125,0.921875,-0.415625
2018-06-13 16:21:24.035000,0.028125,0.921875,-0.415625
2018-06-13 16:21:24.046000,0.025,0.925,-0.41875
2018-06-13 16:21:24.056000,0.021875,0.928125,-0.41875
2018-06-13 16:21:24.067000,0.01875,0.928125,-0.41875
2018-06-13 16:21:24.077000,0.015625,0.928125,-0.41875
2018-06-13 16:21:24.087000,0.015625,0.928125,-0.421875
2018-06-13 16:21:24.098000,0.015625,0.925,-0.421875
2018-06-13 16:21:24.108000,0.015625,0.921875,-0.421875
2018-06-13 16:21:24.119000,0.01875,0.921875,-0.421875
2018-06-13 16:21:24.129000,0.021875,0.921875,-0.421875
2018-06-13 16:21:24.139000,0.025,0.921875,-0.41875
2018-06-13 16:21:24.150000,0.025,0.925,-0.415625
2018-06-13 16:21:24.160000,0.025,0.925,-0.4125
2018-06-13 16:21:24.171000,0.021875,0.925,-0.409375
2018-06-13 16:21:24.181000,0.01875,0.928125,-0.40625
2018-06-13 16:21:24.192000,0.015625,0.928125,-0.40625
2018-06-13 16:21:24.202000,0.015625,0.928125,-0.403125
2018-06-13 16:21:24.212000,0.015625,0.93125,-0.4
2018-06-13 16:21:24.223000,0.015625,0.934375,-0.396875
2018-06-13 16:21:24.233000,0.015625,0.934375,-0.396875
2018-06-13 16:21:24.244000,0.015625,0.9375,-0.396875
2018-06-13 16:21:24.254000,0.015625,0.9375,-0.4
2018-06-13 16:21:24.264000,0.01875,0.9375,-0.403125
2018-06-13 16:21:24.275000,0.021875,0.934375,-0.40625
2018-06-13 16:21:24.285000,0.025,0.93125,-0.40625
2018-06-13 16:21:24.296000,0.028125,0.928125,-0.40625
2018-06-13 16:21:24.306000,0.03125,0.925,-0.40625
2018-06-13 16:21:24.317000,0.03125,0.921875,-0.409375
2018-06-13 16:21:24.327000,0.03125,0.921875,-0.4125
2018-06-13 16:21:24.337000,0.03125,0.921875,-0.4125
2018-06-13 16:21:24.348000,0.028125,0.925,-0.4125
2018-06-13 16:21:24.358000,0.025,0.928125,-0.4125
2018-06-13 16:21:24.369000,0.021875,0.928125,-0.409375
2018-06-13 16:21:24.379000,0.01875,0.928125,-0.40625
2018-06-13 16:21:24.389000,0.01875,0.928125,-0.40625
2018-06-13 16:21:24.400000,0.021875,0.925,-0.40625
2018-06-13 16:21:24.410000,0.025,0.921875,-0.40625
2018-06-13 16:21:24.421000,0.028125,0.925,-0.40625
2018-06-13 16:21:24.431000,0.03125,0.925,-0.40625
2018-06-13 16:21:24.442000,0.03125,0.925,-0.40625
2018-06-13 16:21:24.452000,0.03125,0.925,-0.40625
2018-06-13 16:21:24.462000,0.03125,0.925,-0.40625
2018-06-13 16:21:24.473000,0.03125,0.925,-0.40625
2018-06-13 16:21:24.483000,0.03125,0.925,-0.40625
2018-06-13 16:21:24.494000,0.03125,0.925,-0.40625
2018-06-13 16:21:24.504000,0.03125,0.925,-0.40625
2018-06-13 16:21:24.514000,0.03125,0.925,-0.40625
2018-06-13 16:21:24.525000,0.03125,0.925,-0.40625
2018-06-13 16:21:24.535000,0.03125,0.925,-0.40625
2018-06-13 16:21:24.546000,0.03125,0.925,-0.40625
2018-06-13 16:21:24.556000,0.03125,0.928125,-0.40625
2018-06-13 16:21:24.567000,0.03125,0.928125,-0.40625
2018-06-13 16:21:24.577000,0.03125,0.925,-0.409375
2018-06-13 16:21:24.587000,0.03125,0.928125,-0.409375
2018-06-13 16:21:24.598000,0.03125,0.928125,-0.409375
2018-06-13 16:21:24.608000,0.03125,0.925,-0.409375
2018-06-13 16:21:24.619000,0.03125,0.928125,-0.409375
2018-06-13 16:21:24.629000,0.03125,0.928125,-0.40625
2018-06-13 16:21:24.639000,0.03125,0.928125,-0.40625
2018-06-13 16:21:24.650000,0.03125,0.93125,-0.40625
2018-06-13 16:21:24.660000,0.03125,0.934375,-0.40625
2018-06-13 16:21:24.671000,0.03125,0.93125,-0.403125
2018-06-13 16:21:24.681000,0.03125,0.93125,-0.4
2018-06-13 16:21:24.692000,0.028125,0.93125,-0.396875
2018-06-13 16:21:24.702000,0.025,0.93125,-0.390625
2018-06-13 16:21:24.712000,0.021875,0.93125,-0.3875
2018-06-13 16:21:24.723000,0.01875,0.934375,-0.3875
2018-06-13 16:21:24.733000,0.015625,0.9375,-0.3875
2018-06-13 16:21:24.744000,0.015625,0.9375,-0.3875
2018-06-13 16:21:24.754000,0.015625,0.934375,-0.39375
2018-06-13 16:21:24.764000,0.015625,0.934375,-0.396875
2018-06-13 16:21:24.775000,0.01875,0.934375,-0.4
2018-06-13 16:21:24.785000,0.021875,0.934375,-0.403125
2018-06-13 16:21:24.796000,0.025,0.93125,-0.40625
2018-06-13 16:21:24.806000,0.028125,0.93125,-0.409375
2018-06-13 16:21:24.817000,0.03125,0.93125,-0.4125
2018-06-13 16:21:24.827000,0.03125,0.928125,-0.415625
2018-06-13 16:21:24.837000,0.034375,0.925,-0.41875
2018-06-13 16:21:24.848000,0.0375,0.925,-0.421875
2018-06-13 16:21:24.858000,0.040625,0.925,-0.421875
2018-06-13 16:21:24.869000,0.04375,0.921875,-0.421875
2018-06-13 16:21:24.879000,0.046875,0.921875,-0.41875
2018-06-13 16:21:24.889000,0.04375,0.921875,-0.415625
2018-06-13 16:21:24.900000,0.04375,0.921875,-0.4125
2018-06-13 16:21:24.910000,0.040625,0.921875,-0.409375
2018-06-13 16:21:24.921000,0.040625,0.921875,-0.40625
2018-06-13 16:21:24.931000,0.0375,0.921875,-0.40625
2018-06-13 16:21:24.942000,0.0375,0.921875,-0.403125
2018-06-13 16:21:24.952000,0.034375,0.925,-0.4
2018-06-13 16:21:24.962000,0.0375,0.925,-0.4
2018-06-13 16:21:24.973000,0.034375,0.925,-0.396875
2018-06-13 16:21:24.983000,0.034375,0.928125,-0.39375
2018-06-13 16:21:24.994000,0.034375,0.928125,-0.39375
2018-06-13 16:21:25.004000,0.0375,0.928125,-0.39375
2018-06-13 16:21:25.014000,0.034375,0.93125,-0.390625
2018-06-13 16:21:25.025000,0.0375,0.93125,-0.39375
2018-06-13 16:21:25.035000,0.040625,0.928125,-0.396875
2018-06-13 16:21:25.046000,0.04375,0.93125,-0.4
2018-06-13 16:21:25.056000,0.04375,0.928125,-0.403125
2018-06-13 16:21:25.067000,0.046875,0.925,-0.40625
2018-06-13 16:21:25.077000,0.04375,0.925,-0.40625
2018-06-13 16:21:25.087000,0.04375,0.925,-0.409375
2018-06-13 16:21:25.098000,0.04375,0.921875,-0.4125
2018-06-13 16:21:25.108000,0.040625,0.921875,-0.415625
2018-06-13 16:21:25.119000,0.0375,0.921875,-0.41875
2018-06-13 16:21:25.129000,0.040625,0.921875,-0.421875
2018-06-13 16:21:25.139000,0.040625,0.921875,-0.421875
2018-06-13 16:21:25.150000,0.040625,0.921875,-0.421875
2018-06-13 16:21:25.160000,0.04375,0.921875,-0.421875
2018-06-13 16:21:25.171000,0.046875,0.921875,-0.421875
2018-06-13 16:21:25.181000,0.046875,0.921875,-0.421875
2018-06-13 16:21:25.192000,0.046875,0.921875,-0.41875
2018-06-13 16:21:25.202000,0.046875,0.921875,-0.415625
2018-06-13 16:21:25.212000,0.046875,0.921875,-0.4125
2018-06-13 16:21:25.223000,0.046875,0.925,-0.409375
2018-06-13 16:21:25.233000,0.046875,0.925,-0.40625
2018-06-13 16:21:25.244000,0.046875,0.925,-0.403125
2018-06-13 16:21:25.254000,0.04375,0.925,-0.4
2018-06-13 16:21:25.264000,0.040625,0.928125,-0.396875
2018-06-13 16:21:25.275000,0.0375,0.928125,-0.39375
2018-06-13 16:21:25.285000,0.034375,0.93125,-0.390625
2018-06-13 16:21:25.296000,0.03125,0.934375,-0.3875
2018-06-13 16:21:25.306000,0.03125,0.9375,-0.384375
2018-06-13 16:21:25.317000,0.03125,0.940625,-0.378125
2018-06-13 16:21:25.327000,0.028125,0.940625,-0.371875
2018-06-13 16:21:25.337000,0.028125,0.940625,-0.365625
2018-06-13 16:21:25.348000,0.028125,0.940625,-0.365625
2018-06-13 16:21:25.358000,0.028125,0.940625,-0.3625
2018-06-13 16:21:25.369000,0.025,0.940625,-0.3625
2018-06-13 16:21:25.379000,0.028125,0.940625,-0.3625
2018-06-13 16:21:25.389000,0.028125,0.940625,-0.3625
2018-06-13 16:21:25.400000,0.025,0.94375,-0.3625
2018-06-13 16:21:25.410000,0.021875,0.946875,-0.3625
2018-06-13 16:21:25.421000,0.01875,0.946875,-0.3625
2018-06-13 16:21:25.431000,0.015625,0.95,-0.3625
2018-06-13 16:21:25.442000,0.0125,0.953125,-0.3625
2018-06-13 16:21:25.452000,0.0125,0.953125,-0.359375
2018-06-13 16:21:25.462000,0.0125,0.953125,-0.35625
2018-06-13 16:21:25.473000,0.015625,0.953125,-0.353125
2018-06-13 16:21:25.483000,0.0125,0.953125,-0.35
2018-06-13 16:21:25.494000,0.009375,0.953125,-0.346875
2018-06-13 16:21:25.504000,0.009375,0.953125,-0.34375
2018-06-13 16:21:25.514000,0.009375,0.953125,-0.34375
2018-06-13 16:21:25.525000,0.009375,0.953125,-0.346875
2018-06-13 16:21:25.535000,0.0125,0.953125,-0.346875
2018-06-13 16:21:25.546000,0.015625,0.953125,-0.346875
2018-06-13 16:21:25.556000,0.01875,0.953125,-0.346875
2018-06-13 16:21:25.567000,0.021875,0.953125,-0.346875
2018-06-13 16:21:25.577000,0.021875,0.953125,-0.34375
2018-06-13 16:21:25.587000,0.021875,0.953125,-0.340625
2018-06-13 16:21:25.598000,0.021875,0.953125,-0.3375
2018-06-13 16:21:25.608000,0.01875,0.953125,-0.3375
2018-06-13 16:21:25.619000,0.015625,0.953125,-0.334375
2018-06-13 16:21:25.629000,0.015625,0.953125,-0.33125
2018-06-13 16:21:25.639000,0.015625,0.953125,-0.33125
2018-06-13 16:21:25.650000,0.015625,0.953125,-0.33125
2018-06-13 16:21:25.660000,0.015625,0.953125,-0.328125
2018-06-13 16:21:25.671000,0.015625,0.953125,-0.328125
2018-06-13 16:21:25.681000,0.015625,0.953125,-0.328125
2018-06-13 16:21:25.692000,0.015625,0.953125,-0.328125
2018-06-13 16:21:25.702000,0.015625,0.953125,-0.328125
2018-06-13 16:21:25.712000,0.015625,0.953125,-0.328125
2018-06-13 16:21:25.723000,0.015625,0.95625,-0.328125
2018-06-13 16:21:25.733000,0.015625,0.95625,-0.328125
2018-06-13 16:21:25.744000,0.015625,0.95625,-0.328125
2018-06-13 16:21:25.754000,0.015625,0.95625,-0.328125
2018-06-13 16:21:25.764000,0.015625,0.95625,-0.328125
2018-06-13 16:21:25.775000,0.015625,0.953125,-0.328125
2018-06-13 16:21:25.785000,0.015625,0.953125,-0.328125
2018-06-13 16:21:25.796000,0.015625,0.953125,-0.328125
2018-06-13 16:21:25.806000,0.015625,0.953125,-0.328125
2018-06-13 16:21:25.817000,0.01875,0.953125,-0.328125
2018-06-13 16:21:25.827000,0.021875,0.953125,-0.33125
2018-06-13 16:21:25.837000,0.025,0.953125,-0.33125
2018-06-13 16:21:25.848000,0.025,0.953125,-0.334375
2018-06-13 16:21:25.858000,0.025,0.953125,-0.3375
2018-06-13 16:21:25.869000,0.021875,0.953125,-0.340625
2018-06-13 16:21:25.879000,0.01875,0.95625,-0.340625
2018-06-13 16:21:25.889000,0.015625,0.95625,-0.34375
2018-06-13 16:21:25.900000,0.015625,0.95625,-0.340625
2018-06-13 16:21:25.910000,0.015625,0.95625,-0.3375
2018-06-13 16:21:25.921000,0.015625,0.95625,-0.3375
2018-06-13 16:21:25.931000,0.015625,0.953125,-0.3375
2018-06-13 16:21:25.942000,0.0125,0.953125,-0.334375
2018-06-13 16:21:25.952000,0.021875,0.95625,-0.3375
2018-06-13 16:21:25.962000,0.028125,0.95625,-0.340625
2018-06-13 16:21:25.973000,0.01875,0.95625,-0.340625
2018-06-13 16:21:25.983000,0.01875,0.95625,-0.3375
2018-06-13 16:21:25.994000,0.025,0.95625,-0.340625
2018-06-13 16:21:26.004000,0.015625,0.95625,-0.340625
2018-06-13 16:21:26.014000,0.0125,0.95625,-0.3375
2018-06-13 16:21:26.025000,0.021875,0.95625,-0.334375
2018-06-13 16:21:26.035000,0.021875,0.95625,-0.334375
2018-06-13 16:21:26.046000,0.01875,0.95625,-0.334375
2018-06-13 16:21:26.056000,0.01875,0.953125,-0.33125
2018-06-13 16:21:26.067000,0.015625,0.953125,-0.33125
2018-06-13 16:21:26.077000,0.01875,0.953125,-0.334375
2018-06-13 16:21:26.087000,0.021875,0.953125,-0.334375
2018-06-13 16:21:26.098000,0.021875,0.953125,-0.334375
2018-06-13 16:21:26.108000,0.021875,0.953125,-0.3375
2018-06-13 16:21:26.119000,0.025,0.953125,-0.340625
2018-06-13 16:21:26.129000,0.028125,0.953125,-0.340625
2018-06-13 16:21:26.139000,0.028125,0.95,-0.34375
2018-06-13 16:21:26.150000,0.028125,0.95,-0.34375
2018-06-13 16:21:26.160000,0.03125,0.95,-0.34375
2018-06-13 16:21:26.171000,0.028125,0.95,-0.34375
2018-06-13 16:21:26.181000,0.021875,0.95,-0.34375
2018-06-13 16:21:26.192000,0.01875,0.953125,-0.34375
2018-06-13 16:21:26.202000,0.01875,0.953125,-0.34375
2018-06-13 16:21:26.212000,0.015625,0.953125,-0.340625
2018-06-13 16:21:26.223000,0.015625,0.953125,-0.340625
2018-06-13 16:21:26.233000,0.015625,0.953125,-0.3375
2018-06-13 16:21:26.244000,0.015625,0.95625,-0.334375
2018-06-13 16:21:26.254000,0.015625,0.959375,-0.33125
2018-06-13 16:21:26.264000,0.015625,0.959375,-0.334375
2018-06-13 16:21:26.275000,0.01875,0.959375,-0.334375
2018-06-13 16:21:26.285000,0.01875,0.959375,-0.334375
2018-06-13 16:21:26.296000,0.01875,0.95625,-0.334375
2018-06-13 16:21:26.306000,0.01875,0.953125,-0.334375
2018-06-13 16:21:26.317000,0.01875,0.953125,-0.33125
2018-06-13 16:21:26.327000,0.015625,0.953125,-0.328125
2018-06-13 16:21:26.337000,0.015625,0.953125,-0.33125
2018-06-13 16:21:26.348000,0.015625,0.953125,-0.33125
2018-06-13 16:21:26.358000,0.015625,0.95625,-0.334375
2018-06-13 16:21:26.369000,0.01875,0.95625,-0.334375
2018-06-13 16:21:26.379000,0.01875,0.95625,-0.3375
2018-06-13 16:21:26.389000,0.01875,0.95625,-0.3375
2018-06-13 16:21:26.400000,0.021875,0.95625,-0.340625
2018-06-13 16:21:26.410000,0.025,0.953125,-0.340625
2018-06-13 16:21:26.421000,0.025,0.953125,-0.34375
2018-06-13 16:21:26.431000,0.028125,0.953125,-0.34375
2018-06-13 16:21:26.441000,0.03125,0.953125,-0.346875
2018-06-13 16:21:26.451000,0.03125,0.953125,-0.346875
2018-06-13 16:21:26.462000,0.03125,0.953125,-0.346875
2018-06-13 16:21:26.472000,0.03125,0.953125,-0.346875
2018-06-13 16:21:26.483000,0.03125,0.95,-0.35
2018-06-13 16:21:26.493000,0.034375,0.946875,-0.346875
2018-06-13 16:21:26.503000,0.034375,0.946875,-0.346875
2018-06-13 16:21:26.513000,0.0375,0.946875,-0.346875
2018-06-13 16:21:26.524000,0.0375,0.94375,-0.35
2018-06-13 16:21:26.534000,0.0375,0.946875,-0.346875
2018-06-13 16:21:26.544000,0.034375,0.946875,-0.35
2018-06-13 16:21:26.555000,0.0375,0.946875,-0.353125
2018-06-13 16:21:26.565000,0.0375,0.946875,-0.35625
2018-06-13 16:21:26.576000,0.0375,0.95,-0.35625
2018-06-13 16:21:26.586000,0.040625,0.95,-0.3625
2018-06-13 16:21:26.596000,0.04375,0.95,-0.365625
2018-06-13 16:21:26.606000,0.04375,0.946875,-0.36875
2018-06-13 16:21:26.617000,0.04375,0.940625,-0.375
2018-06-13 16:21:26.627000,0.05,0.9375,-0.378125
2018-06-13 16:21:26.638000,0.053125,0.934375,-0.38125
2018-06-13 16:21:26.648000,0.05625,0.93125,-0.384375
2018-06-13 16:21:26.658000,0.059375,0.93125,-0.3875
2018-06-13 16:21:26.668000,0.0625,0.934375,-0.390625
2018-06-13 16:21:26.679000,0.0625,0.934375,-0.396875
2018-06-13 16:21:26.689000,0.059375,0.93125,-0.4
2018-06-13 16:21:26.700000,0.05625,0.934375,-0.4
2018-06-13 16:21:26.710000,0.05625,0.934375,-0.4
2018-06-13 16:21:26.720000,0.05625,0.934375,-0.4
2018-06-13 16:21:26.730000,0.053125,0.934375,-0.396875
2018-06-13 16:21:26.741000,0.053125,0.934375,-0.39375
2018-06-13 16:21:26.751000,0.053125,0.93125,-0.39375
2018-06-13 16:21:26.762000,0.05625,0.928125,-0.396875
2018-06-13 16:21:26.772000,0.059375,0.925,-0.39375
2018-06-13 16:21:26.782000,0.059375,0.921875,-0.396875
2018-06-13 16:21:26.792000,0.065625,0.921875,-0.4
2018-06-13 16:21:26.803000,0.078125,0.925,-0.403125
2018-06-13 16:21:26.813000,0.0875,0.928125,-0.403125
2018-06-13 16:21:26.824000,0.0875,0.93125,-0.40625
2018-06-13 16:21:26.834000,0.084375,0.934375,-0.40625
2018-06-13 16:21:26.844000,0.065625,0.934375,-0.40625
2018-06-13 16:21:26.854000,0.040625,0.93125,-0.40625
2018-06-13 16:21:26.865000,0.01875,0.925,-0.409375
2018-06-13 16:21:26.875000,0.009375,0.921875,-0.415625
2018-06-13 16:21:26.886000,0.009375,0.91875,-0.421875
2018-06-13 16:21:26.896000,0.01875,0.91875,-0.425
2018-06-13 16:21:26.906000,0.028125,0.915625,-0.428125
2018-06-13 16:21:26.916000,0.028125,0.915625,-0.428125
2018-06-13 16:21:26.927000,0.028125,0.909375,-0.425
2018-06-13 16:21:26.937000,0.025,0.903125,-0.421875
2018-06-13 16:21:26.948000,0.021875,0.896875,-0.421875
2018-06-13 16:21:26.958000,0.01875,0.896875,-0.421875
2018-06-13 16:21:26.968000,0.01875,0.89375,-0.41875
2018-06-13 16:21:26.979000,0.01875,0.896875,-0.415625
2018-06-13 16:21:26.989000,0.01875,0.9,-0.415625
2018-06-13 16:21:26.999000,0.021875,0.90625,-0.415625
2018-06-13 16:21:27.010000,0.025,0.909375,-0.415625
2018-06-13 16:21:27.020000,0.028125,0.91875,-0.41875
2018-06-13 16:21:27.030000,0.03125,0.925,-0.425
2018-06-13 16:21:27.041000,0.0375,0.928125,-0.428125
2018-06-13 16:21:27.051000,0.040625,0.928125,-0.428125
2018-06-13 16:21:27.061000,0.04375,0.928125,-0.428125
2018-06-13 16:21:27.071000,0.046875,0.925,-0.428125
2018-06-13 16:21:27.082000,0.046875,0.925,-0.421875
2018-06-13 16:21:27.092000,0.05,0.928125,-0.4125
2018-06-13 16:21:27.103000,0.053125,0.93125,-0.40625
2018-06-13 16:21:27.113000,0.053125,0.934375,-0.403125
2018-06-13 16:21:27.123000,0.053125,0.9375,-0.4
2018-06-13 16:21:27.133000,0.05,0.9375,-0.396875
2018-06-13 16:21:27.144000,0.04375,0.9375,-0.396875
2018-06-13 16:21:27.154000,0.0375,0.934375,-0.396875
2018-06-13 16:21:27.165000,0.034375,0.934375,-0.39375
2018-06-13 16:21:27.175000,0.03125,0.934375,-0.390625
2018-06-13 16:21:27.185000,0.03125,0.934375,-0.390625
2018-06-13 16:21:27.195000,0.034375,0.93125,-0.390625
2018-06-13 16:21:27.206000,0.034375,0.93125,-0.390625
2018-06-13 16:21:27.216000,0.0375,0.928125,-0.390625
2018-06-13 16:21:27.227000,0.04375,0.925,-0.390625
2018-06-13 16:21:27.237000,0.046875,0.925,-0.39375
2018-06-13 16:21:27.247000,0.046875,0.928125,-0.39375
2018-06-13 16:21:27.257000,0.046875,0.93125,-0.39375
2018-06-13 16:21:27.268000,0.04375,0.934375,-0.39375
2018-06-13 16:21:27.278000,0.0375,0.9375,-0.39375
2018-06-13 16:21:27.289000,0.034375,0.934375,-0.390625
2018-06-13 16:21:27.299000,0.03125,0.934375,-0.390625
2018-06-13 16:21:27.309000,0.028125,0.934375,-0.390625
2018-06-13 16:21:27.319000,0.025,0.934375,-0.390625
2018-06-13 16:21:27.330000,0.021875,0.934375,-0.39375
2018-06-13 16:21:27.340000,0.021875,0.9375,-0.396875
2018-06-13 16:21:27.351000,0.021875,0.9375,-0.4
2018-06-13 16:21:27.361000,0.025,0.934375,-0.40625
2018-06-13 16:21:27.371000,0.028125,0.93125,-0.4125
2018-06-13 16:21:27.381000,0.03125,0.928125,-0.415625
2018-06-13 16:21:27.392000,0.03125,0.928125,-0.415625
2018-06-13 16:21:27.402000,0.03125,0.925,-0.41875
2018-06-13 16:21:27.413000,0.03125,0.925,-0.415625
2018-06-13 16:21:27.423000,0.028125,0.925,-0.4125
2018-06-13 16:21:27.433000,0.025,0.928125,-0.409375
2018-06-13 16:21:27.444000,0.01875,0.925,-0.409375
2018-06-13 16:21:27.454000,0.015625,0.925,-0.409375
2018-06-13 16:21:27.464000,0.0125,0.925,-0.409375
2018-06-13 16:21:27.474000,0.0125,0.925,-0.409375
2018-06-13 16:21:27.485000,0.0125,0.925,-0.409375
2018-06-13 16:21:27.495000,0.0125,0.928125,-0.409375
2018-06-13 16:21:27.506000,0.009375,0.928125,-0.40625
2018-06-13 16:21:27.516000,0.00625,0.93125,-0.40625
2018-06-13 16:21:27.526000,0.003125,0.934375,-0.40625
2018-06-13 16:21:27.536000,0.0,0.93125,-0.40625
2018-06-13 16:21:27.547000,0.0,0.928125,-0.40625
2018-06-13 16:21:27.557000,0.0,0.928125,-0.40625
2018-06-13 16:21:27.568000,0.0,0.925,-0.40625
2018-06-13 16:21:27.578000,0.0,0.925,-0.40625
2018-06-13 16:21:27.588000,0.0,0.928125,-0.40625
2018-06-13 16:21:27.598000,0.0,0.928125,-0.40625
2018-06-13 16:21:27.609000,0.0,0.928125,-0.40625
2018-06-13 16:21:27.619000,0.0,0.93125,-0.40625
2018-06-13 16:21:27.630000,0.0,0.93125,-0.409375
2018-06-13 16:21:27.640000,0.0,0.93125,-0.4125
2018-06-13 16:21:27.650000,0.0,0.934375,-0.4125
2018-06-13 16:21:27.661000,0.0,0.9375,-0.415625
2018-06-13 16:21:27.671000,0.0,0.934375,-0.41875
2018-06-13 16:21:27.682000,0.0,0.934375,-0.41875
2018-06-13 16:21:27.692000,0.0,0.934375,-0.41875
2018-06-13 16:21:27.702000,0.0,0.934375,-0.421875
2018-06-13 16:21:27.713000,0.0,0.934375,-0.425
2018-06-13 16:21:27.723000,0.0,0.9375,-0.428125
2018-06-13 16:21:27.734000,0.0,0.9375,-0.434375
2018-06-13 16:21:27.744000,0.003125,0.9375,-0.4375
2018-06-13 16:21:27.755000,0.00625,0.940625,-0.440625
2018-06-13 16:21:27.765000,0.009375,0.95,-0.446875
2018-06-13 16:21:27.775000,0.0125,0.9625,-0.459375
2018-06-13 16:21:27.786000,0.0125,0.98125,-0.46875
2018-06-13 16:21:27.796000,0.003125,1.009375,-0.475
2018-06-13 16:21:27.807000,-0.0125,1.046875,-0.490625
2018-06-13 16:21:27.817000,-0.01875,1.08125,-0.50625
2018-06-13 16:21:27.827000,-0.021875,1.11875,-0.525
2018-06-13 16:21:27.838000,-0.009375,1.153125,-0.553125
2018-06-13 16:21:27.848000,0.015625,1.178125,-0.5875
2018-06-13 16:21:27.859000,0.053125,1.190625,-0.6125
2018-06-13 16:21:27.869000,0.084375,1.196875,-0.63125
2018-06-13 16:21:27.880000,0.1125,1.19375,-0.64375
2018-06-13 16:21:27.890000,0.125,1.178125,-0.65
2018-06-13 16:21:27.900000,0.128125,1.15625,-0.65625
2018-06-13 16:21:27.911000,0.121875,1.125,-0.659375
2018-06-13 16:21:27.921000,0.1125,1.090625,-0.65
2018-06-13 16:21:27.932000,0.09375,1.053125,-0.63125
2018-06-13 16:21:27.942000,0.071875,1.021875,-0.609375
2018-06-13 16:21:27.952000,0.046875,0.990625,-0.584375
2018-06-13 16:21:27.963000,0.015625,0.959375,-0.559375
2018-06-13 16:21:27.973000,-0.009375,0.934375,-0.5375
2018-06-13 16:21:27.984000,-0.01875,0.921875,-0.51875
2018-06-13 16:21:27.994000,-0.00625,0.9125,-0.49375
2018-06-13 16:21:28.005000,0.0125,0.90625,-0.465625
2018-06-13 16:21:28.015000,0.0375,0.9125,-0.4375
2018-06-13 16:21:28.025000,0.05625,0.91875,-0.415625
2018-06-13 16:21:28.036000,0.06875,0.915625,-0.39375
2018-06-13 16:21:28.046000,0.065625,0.915625,-0.378125
2018-06-13 16:21:28.057000,0.0625,0.915625,-0.371875
2018-06-13 16:21:28.067000,0.065625,0.909375,-0.371875
2018-06-13 16:21:28.077000,0.06875,0.903125,-0.378125
2018-06-13 16:21:28.088000,0.071875,0.896875,-0.39375
2018-06-13 16:21:28.098000,0.071875,0.8875,-0.41875
2018-06-13 16:21:28.109000,0.075,0.878125,-0.446875
2018-06-13 16:21:28.119000,0.075,0.875,-0.48125
2018-06-13 16:21:28.130000,0.075,0.871875,-0.51875
2018-06-13 16:21:28.140000,0.078125,0.871875,-0.55
2018-06-13 16:21:28.150000,0.084375,0.86875,-0.565625
2018-06-13 16:21:28.161000,0.0875,0.8625,-0.565625
2018-06-13 16:21:28.171000,0.0875,0.85,-0.55
2018-06-13 16:21:28.182000,0.090625,0.83125,-0.528125
2018-06-13 16:21:28.192000,0.0875,0.809375,-0.50625
2018-06-13 16:21:28.202000,0.084375,0.790625,-0.49375
2018-06-13 16:21:28.213000,0.08125,0.771875,-0.49375
2018-06-13 16:21:28.223000,0.08125,0.75625,-0.50625
2018-06-13 16:21:28.234000,0.078125,0.75,-0.528125
2018-06-13 16:21:28.244000,0.078125,0.746875,-0.553125
2018-06-13 16:21:28.255000,0.075,0.740625,-0.575
2018-06-13 16:21:28.265000,0.06875,0.740625,-0.590625
2018-06-13 16:21:28.275000,0.059375,0.7375,-0.596875
2018-06-13 16:21:28.286000,0.05,0.73125,-0.59375
2018-06-13 16:21:28.296000,0.04375,0.721875,-0.590625
2018-06-13 16:21:28.307000,0.040625,0.7125,-0.590625
2018-06-13 16:21:28.317000,0.040625,0.7,-0.6
2018-06-13 16:21:28.327000,0.040625,0.690625,-0.615625
2018-06-13 16:21:28.338000,0.040625,0.678125,-0.634375
2018-06-13 16:21:28.348000,0.0375,0.665625,-0.65
2018-06-13 16:21:28.359000,0.0375,0.659375,-0.6625
2018-06-13 16:21:28.369000,0.040625,0.65625,-0.665625
2018-06-13 16:21:28.380000,0.05,0.65,-0.66875
2018-06-13 16:21:28.390000,0.05625,0.646875,-0.671875
2018-06-13 16:21:28.400000,0.0625,0.646875,-0.68125
2018-06-13 16:21:28.411000,0.065625,0.64375,-0.696875
2018-06-13 16:21:28.421000,0.071875,0.640625,-0.715625
2018-06-13 16:21:28.432000,0.078125,0.6375,-0.728125
2018-06-13 16:21:28.442000,0.0875,0.634375,-0.740625
2018-06-13 16:21:28.452000,0.096875,0.628125,-0.746875
2018-06-13 16:21:28.463000,0.109375,0.61875,-0.75
2018-06-13 16:21:28.473000,0.115625,0.60625,-0.753125
2018-06-13 16:21:28.484000,0.121875,0.596875,-0.759375
2018-06-13 16:21:28.494000,0.128125,0.5875,-0.765625
2018-06-13 16:21:28.505000,0.1375,0.578125,-0.775
2018-06-13 16:21:28.515000,0.146875,0.56875,-0.778125
2018-06-13 16:21:28.525000,0.1625,0.565625,-0.784375
2018-06-13 16:21:28.536000,0.175,0.5625,-0.790625
2018-06-13 16:21:28.546000,0.18125,0.55625,-0.790625
2018-06-13 16:21:28.557000,0.178125,0.55625,-0.790625
2018-06-13 16:21:28.567000,0.16875,0.565625,-0.803125
2018-06-13 16:21:28.577000,0.15625,0.571875,-0.821875
2018-06-13 16:21:28.588000,0.14375,0.571875,-0.84375
2018-06-13 16:21:28.598000,0.14375,0.56875,-0.865625
2018-06-13 16:21:28.609000,0.15625,0.55625,-0.878125
2018-06-13 16:21:28.619000,0.175,0.5375,-0.86875
2018-06-13 16:21:28.630000,0.203125,0.5125,-0.834375
2018-06-13 16:21:28.640000,0.240625,0.49375,-0.7875
2018-06-13 16:21:28.650000,0.278125,0.4875,-0.740625
2018-06-13 16:21:28.661000,0.3125,0.484375,-0.7
2018-06-13 16:21:28.671000,0.3375,0.478125,-0.675
2018-06-13 16:21:28.682000,0.346875,0.475,-0.671875
2018-06-13 16:21:28.692000,0.359375,0.46875,-0.68125
2018-06-13 16:21:28.702000,0.384375,0.45,-0.69375
2018-06-13 16:21:28.713000,0.421875,0.43125,-0.70625
2018-06-13 16:21:28.723000,0.46875,0.4125,-0.715625
2018-06-13 16:21:28.734000,0.521875,0.396875,-0.721875
2018-06-13 16:21:28.744000,0.55625,0.384375,-0.725
2018-06-13 16:21:28.755000,0.55625,0.38125,-0.71875
2018-06-13 16:21:28.765000,0.54375,0.378125,-0.715625
2018-06-13 16:21:28.775000,0.5375,0.375,-0.7125
2018-06-13 16:21:28.786000,0.5375,0.36875,-0.70625
2018-06-13 16:21:28.796000,0.546875,0.3625,-0.70625
2018-06-13 16:21:28.807000,0.578125,0.35625,-0.721875
2018-06-13 16:21:28.817000,0.6125,0.353125,-0.7375
2018-06-13 16:21:28.827000,0.634375,0.35,-0.746875
2018-06-13 16:21:28.838000,0.640625,0.35,-0.746875
2018-06-13 16:21:28.848000,0.65,0.34375,-0.740625
2018-06-13 16:21:28.859000,0.65625,0.334375,-0.725
2018-06-13 16:21:28.869000,0.653125,0.321875,-0.703125
2018-06-13 16:21:28.880000,0.640625,0.3125,-0.6875
2018-06-13 16:21:28.890000,0.615625,0.309375,-0.6875
2018-06-13 16:21:28.900000,0.56875,0.303125,-0.68125
2018-06-13 16:21:28.911000,0.521875,0.303125,-0.690625
2018-06-13 16:21:28.921000,0.496875,0.3,-0.7
2018-06-13 16:21:28.932000,0.496875,0.303125,-0.709375
2018-06-13 16:21:28.942000,0.540625,0.3,-0.7
2018-06-13 16:21:28.952000,0.63125,0.30625,-0.690625
2018-06-13 16:21:28.963000,0.703125,0.315625,-0.66875
2018-06-13 16:21:28.973000,0.746875,0.346875,-0.665625
2018-06-13 16:21:28.984000,0.771875,0.38125,-0.684375
2018-06-13 16:21:28.994000,0.746875,0.4,-0.71875
2018-06-13 16:21:29.005000,0.665625,0.421875,-0.78125
2018-06-13 16:21:29.015000,0.590625,0.434375,-0.8375
2018-06-13 16:21:29.025000,0.5375,0.428125,-0.865625
2018-06-13 16:21:29.036000,0.50625,0.4125,-0.859375
2018-06-13 16:21:29.046000,0.528125,0.415625,-0.834375
2018-06-13 16:21:29.057000,0.58125,0.421875,-0.771875
2018-06-13 16:21:29.067000,0.63125,0.434375,-0.7125
2018-06-13 16:21:29.077000,0.65,0.446875,-0.675
2018-06-13 16:21:29.088000,0.628125,0.45,-0.6625
2018-06-13 16:21:29.098000,0.55,0.446875,-0.678125
2018-06-13 16:21:29.109000,0.4625,0.434375,-0.715625
2018-06-13 16:21:29.119000,0.384375,0.409375,-0.7625
2018-06-13 16:21:29.130000,0.33125,0.384375,-0.796875
2018-06-13 16:21:29.140000,0.309375,0.36875,-0.815625
2018-06-13 16:21:29.150000,0.3125,0.346875,-0.825
2018-06-13 16:21:29.161000,0.309375,0.321875,-0.8125
2018-06-13 16:21:29.171000,0.3,0.3,-0.7875
2018-06-13 16:21:29.182000,0.284375,0.28125,-0.76875
2018-06-13 16:21:29.192000,0.265625,0.2625,-0.753125
2018-06-13 16:21:29.202000,0.25625,0.25,-0.734375
2018-06-13 16:21:29.213000,0.275,0.24375,-0.73125
2018-06-13 16:21:29.223000,0.3375,0.240625,-0.734375
2018-06-13 16:21:29.234000,0.428125,0.2375,-0.7375
2018-06-13 16:21:29.244000,0.525,0.234375,-0.73125
2018-06-13 16:21:29.255000,0.61875,0.240625,-0.715625
2018-06-13 16:21:29.265000,0.665625,0.246875,-0.684375
2018-06-13 16:21:29.275000,0.64375,0.253125,-0.65
2018-06-13 16:21:29.286000,0.571875,0.265625,-0.6
2018-06-13 16:21:29.296000,0.484375,0.290625,-0.56875
2018-06-13 16:21:29.307000,0.41875,0.309375,-0.546875
2018-06-13 16:21:29.317000,0.43125,0.325,-0.5375
2018-06-13 16:21:29.327000,0.5125,0.34375,-0.53125
2018-06-13 16:21:29.338000,0.63125,0.371875,-0.55
2018-06-13 16:21:29.348000,0.76875,0.396875,-0.578125
2018-06-13 16:21:29.359000,0.865625,0.41875,-0.621875
2018-06-13 16:21:29.369000,0.88125,0.446875,-0.678125
2018-06-13 16:21:29.380000,0.84375,0.471875,-0.734375
2018-06-13 16:21:29.390000,0.775,0.4875,-0.790625
2018-06-13 16:21:29.400000,0.696875,0.4875,-0.825
2018-06-13 16:21:29.411000,0.634375,0.484375,-0.84375
2018-06-13 16:21:29.421000,0.628125,0.48125,-0.81875
2018-06-13 16:21:29.432000,0.63125,0.484375,-0.771875
2018-06-13 16:21:29.442000,0.640625,0.4875,-0.7
2018-06-13 16:21:29.452000,0.628125,0.503125,-0.6375
2018-06-13 16:21:29.463000,0.60625,0.5375,-0.58125
2018-06-13 16:21:29.473000,0.559375,0.559375,-0.5625
2018-06-13 16:21:29.484000,0.528125,0.575,-0.55625
2018-06-13 16:21:29.494000,0.525,0.590625,-0.559375
2018-06-13 16:21:29.505000,0.54375,0.6,-0.55
2018-06-13 16:21:29.515000,0.578125,0.6,-0.540625
2018-06-13 16:21:29.525000,0.603125,0.6125,-0.534375
2018-06-13 16:21:29.536000,0.6375,0.625,-0.528125
2018-06-13 16:21:29.546000,0.6625,0.63125,-0.509375
2018-06-13 16:21:29.557000,0.6875,0.634375,-0.48125
2018-06-13 16:21:29.567000,0.696875,0.6375,-0.440625
2018-06-13 16:21:29.577000,0.703125,0.6375,-0.409375
2018-06-13 16:21:29.588000,0.69375,0.625,-0.4
2018-06-13 16:21:29.598000,0.66875,0.6,-0.390625
2018-06-13 16:21:29.609000,0.640625,0.58125,-0.40625
2018-06-13 16:21:29.619000,0.625,0.5625,-0.440625
2018-06-13 16:21:29.630000,0.6375,0.546875,-0.453125
2018-06-13 16:21:29.640000,0.659375,0.54375,-0.4375
2018-06-13 16:21:29.650000,0.69375,0.553125,-0.425
2018-06-13 16:21:29.661000,0.7125,0.5625,-0.4
2018-06-13 16:21:29.671000,0.69375,0.575,-0.346875
2018-06-13 16:21:29.682000,0.646875,0.596875,-0.29375
2018-06-13 16:21:29.692000,0.603125,0.615625,-0.259375
2018-06-13 16:21:29.702000,0.55625,0.628125,-0.259375
2018-06-13 16:21:29.713000,0.528125,0.646875,-0.2625
2018-06-13 16:21:29.723000,0.534375,0.665625,-0.296875
2018-06-13 16:21:29.734000,0.571875,0.68125,-0.35
2018-06-13 16:21:29.744000,0.60625,0.721875,-0.403125
2018-06-13 16:21:29.755000,0.628125,0.7875,-0.459375
2018-06-13 16:21:29.765000,0.64375,0.85,-0.5375
2018-06-13 16:21:29.775000,0.665625,0.903125,-0.6
2018-06-13 16:21:29.786000,0.65625,0.9375,-0.646875
2018-06-13 16:21:29.796000,0.625,0.94375,-0.69375
2018-06-13 16:21:29.807000,0.590625,0.928125,-0.7125
2018-06-13 16:21:29.817000,0.540625,0.903125,-0.7
2018-06-13 16:21:29.827000,0.478125,0.86875,-0.678125
2018-06-13 16:21:29.838000,0.428125,0.8375,-0.6625
2018-06-13 16:21:29.848000,0.38125,0.8125,-0.640625
2018-06-13 16:21:29.859000,0.346875,0.79375,-0.621875
2018-06-13 16:21:29.869000,0.346875,0.775,-0.60625
2018-06-13 16:21:29.880000,0.35,0.7625,-0.596875
2018-06-13 16:21:29.890000,0.35,0.753125,-0.575
2018-06-13 16:21:29.900000,0.359375,0.740625,-0.553125
2018-06-13 16:21:29.911000,0.36875,0.728125,-0.534375
2018-06-13 16:21:29.921000,0.375,0.71875,-0.525
2018-06-13 16:21:29.932000,0.396875,0.7125,-0.521875
2018-06-13 16:21:29.942000,0.43125,0.70625,-0.528125
2018-06-13 16:21:29.952000,0.471875,0.7125,-0.53125
2018-06-13 16:21:29.963000,0.503125,0.715625,-0.5375
2018-06-13 16:21:29.973000,0.51875,0.7125,-0.540625
2018-06-13 16:21:29.984000,0.521875,0.70625,-0.5375
2018-06-13 16:21:29.994000,0.503125,0.696875,-0.534375
2018-06-13 16:21:30.005000,0.478125,0.68125,-0.540625
2018-06-13 16:21:30.015000,0.475,0.665625,-0.540625
2018-06-13 16:21:30.025000,0.475,0.65625,-0.54375
2018-06-13 16:21:30.036000,0.475,0.659375,-0.553125
2018-06-13 16:21:30.046000,0.50625,0.671875,-0.56875
2018-06-13 16:21:30.057000,0.559375,0.6875,-0.584375
2018-06-13 16:21:30.067000,0.584375,0.69375,-0.603125
2018-06-13 16:21:30.077000,0.584375,0.69375,-0.634375
2018-06-13 16:21:30.088000,0.58125,0.684375,-0.675
2018-06-13 16:21:30.098000,0.55,0.659375,-0.715625
2018-06-13 16:21:30.109000,0.484375,0.621875,-0.746875
2018-06-13 16:21:30.119000,0.43125,0.5875,-0.775
2018-06-13 16:21:30.130000,0.415625,0.546875,-0.7875
2018-06-13 16:21:30.140000,0.425,0.503125,-0.771875
2018-06-13 16:21:30.150000,0.428125,0.471875,-0.734375
2018-06-13 16:21:30.161000,0.446875,0.45625,-0.69375
2018-06-13 16:21:30.171000,0.475,0.446875,-0.653125
2018-06-13 16:21:30.182000,0.4875,0.45625,-0.625
2018-06-13 16:21:30.192000,0.471875,0.48125,-0.628125
2018-06-13 16:21:30.202000,0.45,0.515625,-0.659375
2018-06-13 16:21:30.213000,0.40625,0.55,-0.70625
2018-06-13 16:21:30.223000,0.346875,0.584375,-0.75
2018-06-13 16:21:30.234000,0.275,0.61875,-0.771875
2018-06-13 16:21:30.244000,0.203125,0.65,-0.765625
2018-06-13 16:21:30.255000,0.1625,0.66875,-0.75
2018-06-13 16:21:30.265000,0.11875,0.659375,-0.740625
2018-06-13 16:21:30.275000,0.078125,0.665625,-0.73125
2018-06-13 16:21:30.286000,0.071875,0.678125,-0.73125
2018-06-13 16:21:30.296000,0.078125,0.671875,-0.746875
2018-06-13 16:21:30.307000,0.075,0.659375,-0.759375
2018-06-13 16:21:30.317000,0.103125,0.665625,-0.75625
2018-06-13 16:21:30.327000,0.15,0.65,-0.765625
2018-06-13 16:21:30.338000,0.171875,0.615625,-0.784375
2018-06-13 16:21:30.348000,0.1875,0.590625,-0.796875
2018-06-13 16:21:30.359000,0.2,0.578125,-0.809375
2018-06-13 16:21:30.369000,0.203125,0.55625,-0.8375
2018-06-13 16:21:30.380000,0.2,0.528125,-0.85625
2018-06-13 16:21:30.390000,0.2125,0.509375,-0.859375
2018-06-13 16:21:30.400000,0.2375,0.496875,-0.859375
2018-06-13 16:21:30.411000,0.265625,0.478125,-0.85
2018-06-13 16:21:30.421000,0.284375,0.48125,-0.828125
2018-06-13 16:21:30.432000,0.275,0.490625,-0.796875
2018-06-13 16:21:30.442000,0.278125,0.53125,-0.753125
2018-06-13 16:21:30.452000,0.246875,0.56875,-0.69375
2018-06-13 16:21:30.463000,0.26875,0.578125,-0.696875
2018-06-13 16:21:30.473000,0.28125,0.578125,-0.709375
2018-06-13 16:21:30.484000,0.309375,0.584375,-0.734375
2018-06-13 16:21:30.494000,0.3125,0.553125,-0.784375
2018-06-13 16:21:30.505000,0.3375,0.528125,-0.85
2018-06-13 16:21:30.515000,0.3,0.53125,-0.859375
2018-06-13 16:21:30.525000,0.265625,0.540625,-0.853125
2018-06-13 16:21:30.536000,0.234375,0.553125,-0.834375
2018-06-13 16:21:30.546000,0.209375,0.5625,-0.80625
2018-06-13 16:21:30.557000,0.1875,0.571875,-0.79375
2018-06-13 16:21:30.567000,0.16875,0.575,-0.784375
2018-06-13 16:21:30.577000,0.175,0.571875,-0.78125
2018-06-13 16:21:30.588000,0.20625,0.5625,-0.7875
2018-06-13 16:21:30.598000,0.25,0.559375,-0.80625
2018-06-13 16:21:30.609000,0.29375,0.54375,-0.81875
2018-06-13 16:21:30.619000,0.3375,0.540625,-0.83125
2018-06-13 16:21:30.630000,0.365625,0.534375,-0.846875
2018-06-13 16:21:30.640000,0.371875,0.528125,-0.8625
2018-06-13 16:21:30.650000,0.353125,0.521875,-0.865625
2018-06-13 16:21:30.661000,0.325,0.51875,-0.86875
2018-06-13 16:21:30.671000,0.3,0.5125,-0.865625
2018-06-13 16:21:30.682000,0.271875,0.509375,-0.85625
2018-06-13 16:21:30.692000,0.23125,0.50625,-0.85625
2018-06-13 16:21:30.702000,0.1875,0.50625,-0.8625
2018-06-13 16:21:30.713000,0.15,0.5125,-0.86875
2018-06-13 16:21:30.723000,0.109375,0.515625,-0.8875
2018-06-13 16:21:30.734000,0.08125,0.5125,-0.903125
2018-06-13 16:21:30.744000,0.053125,0.503125,-0.903125
2018-06-13 16:21:30.755000,0.01875,0.49375,-0.9
2018-06-13 16:21:30.765000,-0.01875,0.48125,-0.903125
2018-06-13 16:21:30.775000,-0.059375,0.465625,-0.903125
2018-06-13 16:21:30.786000,-0.10625,0.446875,-0.9125
2018-06-13 16:21:30.796000,-0.15,0.434375,-0.93125
2018-06-13 16:21:30.807000,-0.1875,0.41875,-0.946875
2018-06-13 16:21:30.817000,-0.228125,0.40625,-0.953125
2018-06-13 16:21:30.827000,-0.259375,0.4,-0.95625
2018-06-13 16:21:30.838000,-0.271875,0.396875,-0.9625
2018-06-13 16:21:30.848000,-0.25625,0.4,-0.971875
2018-06-13 16:21:30.859000,-0.2125,0.403125,-0.990625
2018-06-13 16:21:30.869000,-0.184375,0.39375,-1.009375
2018-06-13 16:21:30.880000,-0.171875,0.38125,-1.025
2018-06-13 16:21:30.890000,-0.1875,0.36875,-1.021875
2018-06-13 16:21:30.900000,-0.2375,0.346875,-1.0
2018-06-13 16:21:30.911000,-0.309375,0.315625,-0.9625
2018-06-13 16:21:30.921000,-0.35625,0.29375,-0.921875
2018-06-13 16:21:30.932000,-0.3875,0.271875,-0.878125
2018-06-13 16:21:30.942000,-0.409375,0.25625,-0.84375
2018-06-13 16:21:30.952000,-0.415625,0.246875,-0.815625
2018-06-13 16:21:30.963000,-0.43125,0.2375,-0.765625
2018-06-13 16:21:30.973000,-0.425,0.221875,-0.75
2018-06-13 16:21:30.984000,-0.371875,0.2,-0.759375
2018-06-13 16:21:30.994000,-0.31875,0.159375,-0.75625
2018-06-13 16:21:31.005000,-0.259375,0.121875,-0.759375
2018-06-13 16:21:31.015000,-0.196875,0.096875,-0.809375
2018-06-13 16:21:31.025000,-0.1625,0.0875,-0.840625
2018-06-13 16:21:31.036000,-0.171875,0.096875,-0.821875
2018-06-13 16:21:31.046000,-0.134375,0.134375,-0.846875
2018-06-13 16:21:31.057000,-0.0625,0.16875,-0.896875
2018-06-13 16:21:31.067000,0.0625,0.203125,-0.934375
2018-06-13 16:21:31.077000,0.196875,0.215625,-0.959375
2018-06-13 16:21:31.088000,0.3125,0.2,-1.028125
2018-06-13 16:21:31.098000,0.36875,0.1625,-1.084375
2018-06-13 16:21:31.109000,0.390625,0.128125,-1.13125
2018-06-13 16:21:31.119000,0.38125,0.103125,-1.175
2018-06-13 16:21:31.130000,0.36875,0.090625,-1.20625
2018-06-13 16:21:31.140000,0.346875,0.090625,-1.19375
2018-06-13 16:21:31.150000,0.303125,0.084375,-1.146875
2018-06-13 16:21:31.161000,0.221875,0.075,-1.090625
2018-06-13 16:21:31.171000,0.096875,0.046875,-1.0375
2018-06-13 16:21:31.182000,-0.034375,0.009375,-1.00625
2018-06-13 16:21:31.192000,-0.115625,-0.034375,-1.015625
2018-06-13 16:21:31.202000,-0.15,-0.0625,-1.0375
2018-06-13 16:21:31.213000,-0.15625,-0.090625,-1.05
2018-06-13 16:21:31.223000,-0.125,-0.1125,-1.05625
2018-06-13 16:21:31.234000,-0.084375,-0.121875,-1.05625
2018-06-13 16:21:31.244000,-0.0625,-0.1125,-1.046875
2018-06-13 16:21:31.255000,-0.05,-0.09375,-1.04375
2018-06-13 16:21:31.265000,-0.03125,-0.06875,-1.046875
2018-06-13 16:21:31.275000,-0.0125,-0.04375,-1.05625
2018-06-13 16:21:31.286000,0.009375,-0.015625,-1.059375
2018-06-13 16:21:31.296000,0.03125,0.00625,-1.0625
2018-06-13 16:21:31.307000,0.059375,0.015625,-1.06875
2018-06-13 16:21:31.317000,0.0875,0.021875,-1.075
2018-06-13 16:21:31.327000,0.11875,0.028125,-1.08125
2018-06-13 16:21:31.338000,0.14375,0.028125,-1.0875
2018-06-13 16:21:31.348000,0.1625,0.028125,-1.09375
2018-06-13 16:21:31.359000,0.171875,0.03125,-1.096875
2018-06-13 16:21:31.369000,0.171875,0.03125,-1.096875
2018-06-13 16:21:31.380000,0.1625,0.0375,-1.096875
2018-06-13 16:21:31.390000,0.15,0.040625,-1.103125
2018-06-13 16:21:31.400000,0.1375,0.040625,-1.115625
2018-06-13 16:21:31.411000,0.128125,0.04375,-1.13125
2018-06-13 16:21:31.421000,0.125,0.05,-1.14375
2018-06-13 16:21:31.432000,0.121875,0.05,-1.153125
2018-06-13 16:21:31.442000,0.115625,0.053125,-1.153125
2018-06-13 16:21:31.452000,0.109375,0.05625,-1.140625
2018-06-13 16:21:31.463000,0.103125,0.053125,-1.11875
2018-06-13 16:21:31.473000,0.09375,0.04375,-1.09375
2018-06-13 16:21:31.484000,0.0875,0.0375,-1.059375
2018-06-13 16:21:31.494000,0.090625,0.040625,-1.025
2018-06-13 16:21:31.505000,0.096875,0.04375,-0.99375
2018-06-13 16:21:31.515000,0.1,0.040625,-0.971875
2018-06-13 16:21:31.525000,0.109375,0.0375,-0.9625
2018-06-13 16:21:31.536000,0.125,0.03125,-0.9625
2018-06-13 16:21:31.546000,0.1375,0.009375,-0.971875
2018-06-13 16:21:31.557000,0.153125,-0.009375,-0.98125
2018-06-13 16:21:31.567000,0.175,-0.0125,-0.9875
2018-06-13 16:21:31.577000,0.2,-0.0125,-0.984375
2018-06-13 16:21:31.588000,0.215625,-0.01875,-0.978125
2018-06-13 16:21:31.598000,0.21875,-0.025,-0.971875
2018-06-13 16:21:31.609000,0.2125,-0.0375,-0.971875
2018-06-13 16:21:31.619000,0.209375,-0.065625,-0.96875
2018-06-13 16:21:31.630000,0.203125,-0.09375,-0.96875
2018-06-13 16:21:31.640000,0.20625,-0.11875,-0.975
2018-06-13 16:21:31.650000,0.221875,-0.13125,-0.98125
2018-06-13 16:21:31.661000,0.246875,-0.13125,-0.98125
2018-06-13 16:21:31.671000,0.265625,-0.121875,-0.990625
2018-06-13 16:21:31.682000,0.25625,-0.1125,-1.0
2018-06-13 16:21:31.692000,0.209375,-0.0875,-1.0125
2018-06-13 16:21:31.702000,0.134375,-0.065625,-1.025
2018-06-13 16:21:31.713000,0.071875,-0.040625,-1.040625
2018-06-13 16:21:31.723000,0.025,-0.009375,-1.040625
2018-06-13 16:21:31.734000,0.03125,0.034375,-1.025
2018-06-13 16:21:31.744000,0.109375,0.06875,-0.98125
2018-06-13 16:21:31.755000,0.25625,0.090625,-0.928125
2018-06-13 16:21:31.765000,0.384375,0.09375,-0.875
2018-06-13 16:21:31.775000,0.459375,0.1,-0.81875
2018-06-13 16:21:31.786000,0.471875,0.090625,-0.771875
2018-06-13 16:21:31.796000,0.428125,0.071875,-0.746875
2018-06-13 16:21:31.807000,0.315625,0.059375,-0.740625
2018-06-13 16:21:31.817000,0.1875,0.059375,-0.734375
2018-06-13 16:21:31.827000,0.10625,0.05,-0.740625
2018-06-13 16:21:31.838000,0.08125,0.03125,-0.746875
