2019-03-05 13:21:43.953000,-0.6307318010324576,-2.5501197817684433,-1.2110874093216892,1.0631395816250302,0.3247366570038064,-0.2891135920686536,0.7457383382910368,-0.0990604019166963,0.7622949232430796,-0.16470351085288953,0.8057379948584606,0.6781854281071168,0.47253353995925756,-0.2870219662287764,-0.24315626943180457
2019-03-05 13:21:44.109000,-0.5974277449256644,-2.3350251956121912,-0.8689841605851473,1.2894137341814187,0.1951782400469811,-0.3815554152877164,0.9178888623964466,0.08335471404428718,0.7557560026541685,-0.4300670944228424,0.7161560241772467,0.89710424057325,0.7550781398040864,-0.4889362783251927,-0.009454216263242055
2019-03-05 13:21:44.218000,-0.7579995513204301,-2.4008020179150202,-0.7537920167889829,0.9954960628233998,0.1623825496563358,-0.13156563931723125,0.6790189730651045,0.08192918918898284,0.912333230883166,-0.03553029535567789,0.5079853702421895,0.25670100941665175,0.6485910452940813,0.009355112016750655,-0.037380170317093175
2019-03-05 13:21:44.343000,-0.6788634404688358,-2.3531194917885854,-1.2900965969624902,1.2627164697994726,-0.10640727618948213,-0.22467280808078804,0.4431245660414618,-0.0635439866866957,0.8459793828216546,-0.34321688389041205,0.17321982974175648,0.2318287068163094,0.9867844772145302,-0.1886642463943715,-0.2068267627560187
2019-03-05 13:21:44.453000,-0.8729863760117254,-2.219969580482073,-0.9532386024916508,1.5471303050643381,0.3397683688755891,-0.35457216664666147,0.6789074207605914,-0.05243598647421899,0.9471365252850206,-0.46875403500487833,0.7721400666987988,0.1711866860672323,0.6996263811991053,-0.6444131673399918,-0.3895110534044409
2019-03-05 13:21:44.500000,-0.8238162100698259,-2.0710542207864115,-0.8548508411548398,1.6269519169691276,0.4528555121001878,-0.32758403869891684,0.8651055062964991,-0.11490045944687666,1.0389492580818604,-0.260550277204871,0.6192579272695506,0.6011005698726646,0.35809876132652646,-0.46058605137704545,-0.3864450918567961
2019-03-05 13:21:44.562000,-1.0420784058911448,-2.063528302564209,-1.1006641534870933,1.141538790031845,0.7217058784954758,-0.6706779974637764,0.9169285900113997,-0.23474994841725327,0.7292607273444804,-0.07644391025192143,0.5195029732753766,0.2624622861110921,0.2392798257072724,-0.29652714589717927,-0.23905957920533666
2019-03-05 13:21:44.625000,-0.399132064961369,-1.9978583514391852,-0.9257985732838778,1.2009506348238035,0.3901363763983894,-0.1875742377284072,1.0708250755701632,-0.06397151442317461,0.6321135994404368,-0.5495160278292583,0.36711552625787686,0.6880185098793985,0.5798499563368449,-0.07359162935486904,-0.1883414537776128
2019-03-05 13:21:44.703000,-0.5178209112688004,-2.2064487675703592,-1.1022856148504223,1.7500110275760927,0.7353651815394692,-0.3436925597145727,0.6465146896121914,-0.1667076882599392,0.715705328989795,-0.5157285341566271,0.5296250146297514,0.6249957312768952,0.2289460689109611,-0.3368204684080238,-0.2264710358331844
2019-03-05 13:21:44.765000,-0.4671647951575175,-2.0298658558430036,-1.1002544701076735,1.5969589108209823,0.038604776056264264,-0.07526168090057558,0.7274702768093004,-0.2975883539816967,0.5767801788011832,-0.3909054550101027,0.5255077396529315,0.35366293479462213,0.4859864227864424,-0.4833196813404038,-0.13483792533593408
2019-03-05 13:21:44.828000,-0.5475321101646937,-2.226010275688915,-0.9751824030504137,1.352272005153022,0.5582617355266164,-0.4541538607309096,0.6728093469450585,-0.2018090449568133,0.3777173249825051,-0.6606392754430146,0.4672470603200693,0.5414321881210893,0.5955685152507451,-0.23540478459589967,-0.24062104809195878
2019-03-05 13:21:44.906000,-0.5043210591218577,-2.1094159367012644,-1.1791958151755744,1.3792545338227518,0.5867938602882424,-0.2031721443254339,1.0325583349477634,-0.36340027368360056,0.7021168569970604,-0.3336035642809818,0.3895557247706633,0.5525609957643054,0.2709554507924375,-0.4271713780733586,-0.020574206452973587
2019-03-05 13:21:44.968000,-0.47716577071248434,-2.0862290660727716,-1.1597949625924315,1.4846284944406163,0.5284522858833269,-0.17641567904022912,0.6435895933577875,-0.4325507294280646,0.7433545055875772,-0.4700483266481601,0.5985688085122929,0.7671393646749579,0.7947090160315999,-0.3698461427907313,-0.1991832840161356
2019-03-05 13:21:45.031000,-0.21809149938570283,-1.7825275421214597,-1.2421825048774933,1.5577186030258612,0.31539726426688725,-0.186706199416804,0.6343871083554775,-0.1842830465262012,0.730143643999374,-0.09724538371694927,0.46874848516776263,0.22496430482347207,0.46744633007242836,-0.24256316260913915,-0.034609101357552574
2019-03-05 13:21:45.093000,-0.4704689016511425,-2.065685392810785,-1.1770241444437195,1.4481784557713833,0.5036368040470541,-0.32499050373056015,0.9016787899394321,-0.19408214718393835,0.3988798644211232,-0.2685249241197679,0.24686661024163364,0.6410518429899839,0.5972409617800893,-0.4101464678160244,-0.3346416335960891
2019-03-05 13:21:45.172000,-0.46291128429638473,-2.0152545973182123,-1.0607052789111082,0.7639314056342268,0.40388505878729297,-0.20365093031793496,0.9187719857062393,0.002901757368357294,0.7719542990113761,-0.414654410771198,0.6207564731671225,0.28051580838429924,0.510682314116224,-0.38300283853251005,-0.1339723793401078
2019-03-05 13:21:45.328000,-0.7159329949495645,-2.1250460487279916,-0.768910193848746,0.9714044137975414,0.1875717115152532,0.050266801131596345,0.729704959832538,0.4405070254212634,1.1684280484130922,-0.6322031871593297,0.7301964613433292,0.4472730365535471,0.20483381717853072,-0.1881945821087083,-0.07742574604980879
2019-03-05 13:21:45.453000,-0.48787829868801147,-2.0130958203515448,-1.074412885971947,0.6982470779511962,-0.045097203584242615,-0.04063209341196211,0.922467452441484,0.3130834567054509,1.1100385943639772,-0.06882227126566656,0.49157647549775635,0.07051512277002303,0.7313807568514192,-0.3051167136108087,-0.3078340588357911
2019-03-05 13:21:45.562000,-0.8738678931033599,-1.9590570856417697,-1.252687676568998,0.7897224471673465,0.232380847508105,-0.4672454939802928,0.6830348527227066,0.2611286315143756,0.7949162324185448,-0.09122127959853613,0.4156397561916548,0.46874034949394655,0.38196367707500417,-0.31727441730061895,-0.17530889846516323
2019-03-05 13:21:45.672000,-0.2353980335221828,-1.8018687227481829,-1.3994959404770824,0.3947486410720429,-0.10374668733839844,-0.1871153607650966,0.5426917188048083,-0.016443058036304192,0.7782579483891212,-0.1542006220772761,0.4425666209390882,0.41365507923049644,0.7141247742041152,-0.40511942774866194,-0.1690640025675218
2019-03-05 13:21:45.797000,-0.1156039048074633,-1.5365353696433752,-1.0885644659507494,0.7675929982342119,0.33916333890909434,-0.6026589735857579,0.490190223088707,-0.1678136381130685,0.4417549848861827,-0.10792242832946797,0.38578585119973624,0.2479463072391732,0.6271744004711848,-0.2201448279999383,-0.16990538694124768
2019-03-05 13:21:45.843000,-0.23678910276009502,-1.2905392478507887,-1.5237805413808272,0.33148645505620633,0.13321364820091375,-0.19902965382348395,0.502880673394576,-0.20271108774312763,0.2856312573174083,0.2100706591045908,0.7057508506209202,0.4658663114974078,0.9022210185423747,-0.11587541120851026,-0.15140021594056635
2019-03-05 13:21:45.906000,-0.3026142875399507,-1.427479551535213,-1.3393431361922477,0.3716548395242045,-0.18320305925370936,-0.7311074973095305,0.6062448784667982,-0.1113421729514833,0.8528036535248376,0.24628587941953467,0.6482231905454472,0.6186056269946645,0.6174958923620375,-0.24113612525713873,-0.01799653269455137
2019-03-05 13:21:45.984000,-0.030760760892818872,-1.3377594924474598,-1.438455532903393,0.8116228358247115,-0.07158610369207856,-0.32962258290992186,0.5315386499968355,0.10873922917559509,0.9729841147948537,0.21959859063967985,0.6797020392696829,0.5108977394481811,0.4786358332214849,-0.6071781699873772,-0.1921467053845634
2019-03-05 13:21:46.047000,-0.09937752948405354,-1.503216999636531,-1.1025884488697937,0.7563610191587966,-0.33379998800020505,-0.6050262320410565,0.6566914364554312,-0.5262742948444957,0.7012983111997446,0.05572374340518214,0.7360345329308937,0.5246974490288081,1.09813037391069,-0.1358136999894425,0.11648008271435606
2019-03-05 13:21:46.109000,-0.28393778411477344,-1.3732577370126986,-1.3287314363378995,0.17058336750394787,0.11811843613494645,-0.787356487265537,0.29424421790641664,-0.21540683249409653,0.5516340548389268,0.1516903205006403,0.5675913241992463,0.6170700488474459,0.705211217432735,-0.48329841721166006,-0.23111466755836135
2019-03-05 13:21:46.172000,-0.3654247381549225,-1.1704926538770932,-1.5309288964569896,0.2722046075445359,-0.12954159880564575,-0.7080234528589425,0.5777114281232367,-0.047585703875511975,0.39182873386379,0.07703033692994973,0.817065388765267,0.7506893274704839,1.1320893763320432,-0.4085556836562787,-0.35591868290331946
2019-03-05 13:21:46.250000,0.023058680324879344,-1.3118517525484243,-1.6795684947490153,0.17346889688596856,0.43231976829931673,-0.4056195365696643,0.20537729045732367,0.11111602830616041,0.6584772243271829,0.10415352112751125,0.4377927795240038,0.6537003656300383,0.45770138408045075,-0.654090926986078,-0.10360631337274406
2019-03-05 13:21:46.312000,-0.13016455229871626,-1.4515992269422,-1.6786583952843321,0.17390316871284228,0.03594222306049273,-0.4537546751101317,0.40884743195664475,0.1570228740305949,0.4995956342853447,0.0677416687878778,0.5563665114980303,0.35910095335539677,0.6562390345822862,-0.6768909454200762,-0.21888034821950814
2019-03-05 13:21:46.390000,-0.09744509725552053,-1.3063118582934603,-1.4189089487411615,0.3030010411668629,0.11769296791010826,-0.4542074075817112,0.4519883845018101,-0.02300262613562265,0.7710894553794381,0.25324200268357366,0.9616111822436051,0.5075458929800964,0.7810483791559186,-0.360600209728575,-0.5151775385279519
2019-03-05 13:21:46.437000,-0.23914542336535582,-1.0820204887806746,-1.5600331831564893,0.714742881973389,-0.25142497483380727,-0.71629533400924,0.5147546002164567,-0.3118375045172105,0.37396380418366315,-0.24097774611801948,0.6021941766160319,0.6853113144207241,0.7991353344570771,-0.4051063604381466,-0.12190351075515199
2019-03-05 13:21:46.515000,-0.5988749317852751,-1.6692925579530167,-1.3260302550415943,0.6239068505826117,0.044467177759106094,-0.4729572404530801,0.2827614149328951,-0.23997054421034747,0.500111420423181,0.2761495001883757,0.4409403898365169,0.7956784477931176,0.8697436193983517,-0.3230034562830277,-0.1562272483657144
2019-03-05 13:21:46.578000,-0.10531156701173305,-1.3794122990557307,-1.201940771559915,0.5213690208156776,0.06223855688482756,-0.2484825624195831,0.43229253350219043,-0.16717900607167258,0.13182047104693487,0.16377451089240747,0.7415672034231147,0.45144975541361476,0.7541542252553795,-0.38700931890876367,-0.39302890331336016
2019-03-05 13:21:46.718000,-0.36245164750382486,-1.4528268800403712,-1.2620719804668181,0.35091099249639246,0.14178104932748642,-0.68173489721702,0.4408591129314512,-0.1279553191917976,0.623953144959995,0.32043412445406516,0.45218896034861994,0.5049268937552343,0.45883313484957505,-0.4687629387114287,0.09720976824505656
2019-03-05 13:21:46.859000,-0.12734485813953,-1.4474033531827786,-1.27213611362856,0.32698405823003873,0.305001088026556,-0.6066720552270751,0.6132553755136316,-0.18369604092927938,0.2981227561046226,0.03362253853966254,0.6850052260692756,0.5741935402145835,0.5833470492384969,-0.178370035517206,0.0054588470461446326
2019-03-05 13:21:46.953000,-0.5238946431024742,-1.4024570440485498,-1.1205985549900244,0.7047261866772836,0.3674863283290041,-0.31637602738998705,0.6056260194047907,-0.27818225310243316,0.4694515350114208,0.35605545121083093,0.4458281784120128,0.32216470523471064,0.16428289761212972,-0.3435023544455248,-0.2615044112966156
2019-03-05 13:21:47.062000,0.08251882682467793,-1.4701564972895387,-1.021161817526623,0.5055959380801176,0.43928631446653843,-0.1590748890589207,0.4220504276398078,-0.0843626164548712,0.8045714113966795,0.1335622439766595,0.2985209172873656,0.6218108916659179,0.46559162093107936,-0.6253314274974404,-0.06808343674767459
2019-03-05 13:21:47.156000,-0.15302924803240536,-1.8365811333888429,-1.4790318986516626,0.6093984551231479,0.21744542873712108,-0.11149513498002045,0.5883417702025026,-0.047978617559760184,0.8797735039707995,0.22029780365479096,0.829192118926469,0.47630949670897066,0.5245029909394254,-0.3234126705363115,-0.27790222609722975
2019-03-05 13:21:47.250000,-0.5650689712950223,-1.6671569418911272,-0.9969220341083634,0.5490554135016252,0.20220536480016443,-0.5580114692535406,0.7445543154374672,0.03181392787247439,0.8660106418462414,0.1560769156031368,0.6895941211429326,0.3196171145301846,0.6290327260548527,-0.4651035400164908,0.017271651914404718
2019-03-05 13:21:47.328000,-0.4242986572597065,-1.6000028759234013,-1.1310671438440347,0.5591090803576024,0.09764919403459905,-0.3265044509649423,0.601166596163036,0.12318431793205542,0.652451860357324,-0.16961773177864659,0.7922277390556665,0.18415348025686684,0.550945362894343,-0.07995341540387652,-0.5031650584855586
2019-03-05 13:21:47.390000,-0.5537236336505074,-1.569813904608096,-0.7932147022370178,0.6241752424374716,-0.29439998217016655,-0.3040534859238131,0.708746733025397,0.313455349822236,0.8017752414484296,0.11002366530662525,0.46785890462495155,0.068377670480958,0.836782308783689,-0.45823579819011484,-0.02848352740440918
2019-03-05 13:21:47.453000,-0.5210406882507668,-1.8173458146477062,-1.3833038066509462,0.8225449480997737,0.00013582872419938552,-0.6805190096744679,0.33355697011929886,0.21581551540343302,0.7908310503576503,0.11996320430617981,0.5817642452019012,0.319191112046632,0.8057551989681604,-0.37001070098204314,-0.2570994015071621
2019-03-05 13:21:47.531000,-0.8459329378920377,-1.6929003012505053,-1.249521319326096,0.9366058598213838,0.07086462813683118,-0.5405286032463844,0.8762639593843778,0.11325440267433062,0.9236091023369908,0.039803511612703665,0.8189223487667794,0.01735266124744328,0.6638950979300839,-0.24460630487262952,-0.2384277978891738
2019-03-05 13:21:47.594000,-0.40901729110025364,-2.2025258190417514,-0.9917520409730864,0.8376877775569571,-0.05082489033574829,-0.5722571688988201,0.748363358008397,0.1373280340918429,1.2109329787839587,-0.045315196666864954,0.5954539373999217,0.28075357302961557,0.5626158465001929,-0.6084753582105885,-0.19506474168386512
2019-03-05 13:21:47.656000,-0.6059446991308559,-1.9506686723713313,-0.8946532923868461,0.7550576015687182,0.1421043215543193,-0.7723577393054794,0.7998432572434535,0.3653323891432386,0.9122242069680906,-0.08762560765018337,0.7899113030735356,0.14081699457376984,0.5678998662162906,-0.15569253004237327,-0.4997351386448045
2019-03-05 13:21:47.734000,-0.1660940240965476,-2.1649293989863656,-1.1980556238979965,1.5401977169255043,0.15789513884230694,-0.5699640251735082,0.8566324930813163,0.38236675000782616,0.5828374180222298,-0.0009767691058931438,0.6371491014345012,-0.06608611383859897,0.8220144502893445,-0.19006846280024442,-0.3227395402667787
2019-03-05 13:21:47.797000,-0.35116126221401744,-1.5865882637245283,-1.1041920704882378,1.3851646062465082,0.3835006631425133,-0.282169036107134,0.7322089993623995,0.045675044727880865,0.631440941525443,-0.08434079755593296,0.5783757360261181,-0.18013596801101117,0.661291791281549,-0.4194526934438543,-0.16774566647322747
2019-03-05 13:21:47.859000,-0.895168187118697,-1.5308832503969434,-1.415984536162212,1.3811211125783305,0.5059381518031516,-0.7577798367380606,0.7988273734696942,0.18294971891201095,0.5800812145292311,-0.3436283185827731,0.2853869230435327,0.1878945990858929,0.8473147276014457,-0.3352040878012025,-0.42043593449922423
2019-03-05 13:21:47.922000,-0.2848730761933478,-1.6508997792269948,-0.9757004642773239,1.1897504035263513,0.27455279162362695,-0.4309007097890596,0.6929608840912583,0.14343482404980656,0.6125799436806112,-0.48894420044022613,0.47634934563673165,-0.0491369870568813,0.7104029219724648,-0.26956032546055997,-0.6782029183580118
2019-03-05 13:21:48.062000,-0.4500788094974393,-1.9457216170158773,-0.9167912693951218,1.671240070227161,0.5145766839880035,-0.17229754353267385,0.7086356668151865,-0.043329050890120624,0.7653308590249872,-0.26274632907502204,0.5410628231210897,-0.023220905944822734,0.32761067086386525,-0.48327599845175967,-0.3865754939199494
2019-03-05 13:21:48.172000,-0.5613008313214771,-1.8995195774626072,-0.7295929719076175,1.230720750518449,0.7069132910783383,-0.1606050253635415,0.5574817202231245,-0.16063939419976836,0.8526372084779177,-0.7036982381689275,0.5819124581806592,0.04567336213707873,0.47770885041881866,-0.24089611387361223,0.017269763742643773
2019-03-05 13:21:48.265000,-0.7748575456056463,-2.0214853932654515,-1.3430603548734104,1.50331638715371,0.5884831392747564,-0.4363836473549023,0.6930860614396249,-0.06706870044416324,0.7166742051414445,-0.13237433256501294,0.5224188840365502,0.15509934723269914,0.49294228063928586,-0.34657872209458435,-0.48658118104179254
2019-03-05 13:21:48.406000,-0.05558644239969457,-1.883021103982725,-1.0152913980054348,1.278651835379773,0.3417275500052733,-0.12194154438662058,0.9743707611650316,0.26336297331151315,0.6919070382055741,-0.1687591024156539,0.7093041766071551,0.018084567994706147,0.83347235475955,-0.34899404597284944,-0.20085252737637166
2019-03-05 13:21:48.531000,-0.39829842420805317,-1.8336997213809276,-0.8964252865463207,1.4695105401060242,0.7566926493562012,-0.298303944674797,0.8558775391406301,-0.21701438136840745,0.9034087573201885,-0.2539952140970423,0.612651228912676,0.28383850896326623,0.6994728747101806,-0.3311651791350057,-0.08250501291092427
2019-03-05 13:21:48.609000,-0.4351371454841644,-1.8678651473936547,-0.6885360680157651,0.7806584406719959,0.13372827882396604,-0.051723472389698155,0.5982306846828798,0.15983460480360778,1.1572658237450317,-0.470755710718918,0.5950501738579805,0.5016325703740858,0.766857298170003,-0.41253098809860433,0.03166959699796945
2019-03-05 13:21:48.672000,-0.5865301435111285,-1.8496269630552273,-1.0157888701468947,1.1275257443947764,0.5624974585924644,-0.1759696947644217,1.11407921096222,0.030868282063255092,0.8359889024491265,-0.23576616523252025,0.3450713047360961,0.2367178576071124,0.38559709271846304,-0.005289085349436451,-0.1955151954774978
2019-03-05 13:21:48.734000,-0.31275726685037064,-1.520014284314243,-1.006042034870394,1.1019547612682419,0.3415815335262046,-0.36452251811650194,1.0069803382785725,0.08137042667696093,0.5687196184668858,-0.15658861073554858,0.6319786276281136,0.00202377612692084,0.6595270871249825,-0.23375573136806488,-0.2208114466065738
2019-03-05 13:21:48.812000,-0.1305968103984374,-1.8992307927907328,-1.044413634983788,1.1835270650090048,0.16879742493749,-0.35851520896472033,0.8633467933006825,0.123845555020207,0.6349014112356752,-0.27172711596858246,0.08715674543578361,0.23478592813031707,0.663493323265421,-0.06486972944579994,-0.1760213853261517
2019-03-05 13:21:48.875000,-0.6541297068655245,-1.4854635795372744,-0.7940087779465904,0.9075433495430745,0.2621573355915488,-0.07693762315556966,1.0450071383580595,0.10474991417380675,0.5995029020559505,-0.0673626741576395,0.30196409683886,-0.04036099546706584,0.37757459805765864,-0.19062350680146176,0.23211862716553633
2019-03-05 13:21:48.937000,-0.45376303969537535,-1.3212378552140214,-1.1643403060500075,1.1251289956481954,0.3792644966620379,-0.13625676835849235,0.8893569426210404,0.009550479555337166,0.9123990230996646,-0.3055681107641631,0.6720640306521899,-0.32561993978707415,0.625402823944583,-0.5751850462898767,-0.15024287380945384
2019-03-05 13:21:49.015000,-0.6176860303089287,-1.4179687844646844,-1.3467343733744523,1.2524212186074122,0.42723910058342063,-0.20415269072530517,0.5108696592521942,0.13251523052792658,1.079237873481863,-0.3225411306901236,0.3300997815341265,0.28007871144313357,0.8545754637474698,-0.2922716668827997,0.15761641781500824
2019-03-05 13:21:49.078000,-0.3217459619923808,-1.5685888975397821,-1.49840435038289,0.8701479338374938,0.30176285650043494,-0.12690296663694656,0.6339052180649823,0.147371621289634,0.951416687567602,-0.06616152015681051,0.32237287713640633,0.33417468156265745,0.18823384304827423,-0.6549545038428071,-0.22873180364548723
2019-03-05 13:21:49.140000,-0.18206966243413758,-1.3506736411055353,-1.2833178059189534,0.9272259663246873,0.4736440996147705,-0.4300591079560203,0.31765391234571483,0.07169830829264556,0.8626637901331002,-0.5150079582437352,0.223605470911789,0.36094941570730293,0.4931931268460031,-0.5554305968188502,-0.030465725177913794
2019-03-05 13:21:49.203000,-0.7475120607577339,-1.2338395286587165,-1.5391935388535913,0.7489940121904649,0.19325419811398137,-0.5417657940130424,0.45635204383399586,-0.011245274972377262,0.7843089449310889,0.008872979074280196,0.49349914841986947,0.4759090596561562,0.38645143746076166,-0.24416180620874908,-0.0015540607802266848
2019-03-05 13:21:49.281000,-0.5985452352791221,-1.365845239296279,-1.3230257362659417,0.6798588081395933,-0.22015304232117627,-0.7226345142255173,0.3398261166301063,-0.29225163910618823,0.4070165650384579,-0.10530692684455378,0.3326472287273167,0.48214825054568233,0.7227256611347317,-0.31196812336678226,-0.2802883273015787
2019-03-05 13:21:49.406000,-0.007190971419606118,-0.9305783617299737,-1.389789205531336,0.7628889867722508,0.1980182487445577,-0.3863077419171903,0.5419305854414136,0.01856442177876938,0.3359597310775575,-0.008211044863502187,0.5234450351295403,0.5816937194018339,0.5864990670475045,-0.16221658821395527,0.10152906764232417
2019-03-05 13:21:49.516000,-0.20437662628012188,-0.9069285340098805,-1.3290071581659673,0.6115585087343243,-0.20038575005964884,-0.28321201191364687,0.7546081263891427,-0.0065904090907483726,0.407045560810357,-0.08825734538838184,0.40332180108522825,0.9096827483905532,0.9243941813469174,-0.21038717016296815,-0.3379614902115793
2019-03-05 13:21:49.625000,-0.2759614297186683,-1.0073960045215609,-1.4103515705561747,0.501445756991455,-0.2960478561482662,-0.18489016944493303,0.5178390361315225,-0.06643687851816882,0.6861713987386941,-0.27182600912527066,0.2925324768302621,0.9658901869800269,0.4244037989890987,-0.44739559831988307,0.25646212433138216
2019-03-05 13:21:49.734000,-0.3245397691082652,-0.9945502196318072,-1.556848215814934,0.5326629400742804,0.1973433086131104,-0.010228575256596178,0.4477881876786951,0.22309178450294265,0.35568229459350936,-0.0016264869613476785,0.8648884675402311,0.8488845107318308,0.42962507599439076,-0.7363248048975863,0.2888845969142969
2019-03-05 13:21:49.844000,-0.5866718291972961,-1.0377378591525392,-1.6612471714765016,0.858594581151931,-0.15308070203421148,-0.43169787943655547,0.7303933867150442,-0.06410592624552869,0.5943427551319382,-0.41312488799769514,0.5690365959997408,0.8445877251295277,0.4857883915569657,-0.3534624225411902,0.21034713828755647
2019-03-05 13:21:49.953000,-0.19557090493463836,-0.8099112978014027,-0.8813925518931341,0.97769900874267,-0.23096330966924017,-0.38590865536322194,0.5215729045385121,0.15500813964088656,0.21833024933133213,-0.32331055973074857,0.9762533637679907,0.8037372844578036,0.4073578644332185,-0.27977065234740905,0.04284979421710844
2019-03-05 13:21:50.062000,-0.435105636407322,-0.9239400528468744,-1.3712813449187469,0.6867682874494601,-0.15526447168770066,-0.3984607158615092,0.6739419205903601,-0.07265251378284632,1.0208354868064888,-0.42962496258798333,0.8721193928217081,0.6955837915772669,0.6306656262643187,-0.7012044250187426,-0.04262580398111726
2019-03-05 13:21:50.125000,-0.3584633872910459,-0.9694327817144694,-1.375519847029218,0.7969995627977844,-0.23537272498788903,-0.5669359627967697,0.6177268624542467,0.048049505402385284,0.4970442472967577,-0.22878481297403308,0.5095335073221665,0.5674070819350487,0.562178168613543,-0.07434863593514718,0.12025009206711523
2019-03-05 13:21:50.187000,-0.6144294691459229,-0.9676897192245564,-1.4754436543863716,0.803419757113131,0.1148118058193719,-0.7451529540479337,0.40003579522687993,-0.12189412886683848,0.3757216105719665,-0.2831711597272055,0.3967430869396437,0.7454732627497405,0.8209064817016982,-0.5803016909332783,0.41155557418169897
2019-03-05 13:21:50.250000,-0.5723343361669095,-1.023726419823661,-1.4245395805712537,0.5637444914211107,0.0015652852083307273,-0.5333433686637407,0.6220806359872324,0.0441488552998871,0.2948918766913604,-0.11138585430026793,0.35431618538581805,0.7336778372470187,0.629860296851803,-0.7183219958225177,0.042175599382862305
2019-03-05 13:21:50.328000,-0.4657348703358406,-1.169814951554268,-1.7042259620463807,0.5474532937546137,0.23397346875841857,-0.28452277501513656,0.451266453053459,-0.01889775537756533,0.29866169564658873,-0.18078475379352033,0.397163465829424,0.4542747987844735,0.4125306399062026,-0.3893423403890336,-0.0693265855067503
2019-03-05 13:21:50.391000,-0.3240072201481392,-1.2690505786065414,-1.5050745656419378,0.4305265048322009,0.4777605831045266,-0.6383637638356644,0.8056766701062232,0.19506381228175862,0.5094190604256577,0.0179629170903993,0.3847054449874236,0.9971847615896684,0.32157351131303463,-0.4140574982536668,0.15228256593934386
2019-03-05 13:21:50.453000,-0.3718462405670149,-1.2975030304495743,-1.802006106955328,0.2644630176262006,0.13656706863164314,-0.27898043747106793,0.8406250110101691,0.28212127335972104,0.20887920117180886,-0.1274763557084805,0.29603050130322034,0.5380450440982025,0.8887953216752649,-0.2898482105531083,0.07469028340970785
2019-03-05 13:21:50.516000,-0.8063024942311379,-1.3137966077312253,-1.6956822024153453,0.8300971430086435,0.11881257622631915,-0.6030776411145398,0.6695291460480672,0.22335403068990434,0.3129642916213238,0.07825681594159484,0.45003288729732766,0.2892113321688484,0.617276417820251,-0.21222644309674749,0.2410389301715138
2019-03-05 13:21:50.594000,-0.021153018925604172,-1.2745467792680651,-1.6366635760558892,0.8441110819462396,-0.2056674516483215,0.2227469149813824,0.8416486548848332,0.23415544722594117,0.1696987257274674,-0.1848786987649239,0.837638937188379,0.47830885211407376,0.8035690572219851,-0.11824722593932646,-0.2334210830767866
2019-03-05 13:21:50.656000,-0.7451325134702897,-1.3142351259917024,-1.5507346505677995,0.31855583933304543,-0.21647075418247314,-0.6333776246974578,0.586544486506821,0.22267378794487247,0.3550768022498736,-0.22649435959142866,0.5225567177425927,0.9363132706508787,0.7262038503819754,-0.43784840667949854,0.3242150888171971
2019-03-05 13:21:50.797000,-0.3985427853039081,-1.6795453166736358,-1.4136654272432858,0.7131151644705519,0.4335785107991489,-0.26976293814617214,0.3592836092184647,0.1319702978997891,0.4244074717148833,0.0069526212055662645,0.29055266192067236,0.0936099570915434,0.9822933475804263,-0.6152582290418052,0.2959606882872854
2019-03-05 13:21:50.891000,-0.5210576780671143,-1.791708383735279,-1.423628384965725,0.877256837519218,0.25456574757987355,-0.14822174517083309,0.6887574437311952,-0.1901093342764646,0.5851363479264438,-0.29754571405660823,0.5505683434587756,0.33236600907396213,0.8938205384746205,-0.3328708596781692,-0.021083443886140474
2019-03-05 13:21:51,-0.4381887850188302,-1.4945407155087302,-1.3666469553078595,1.0630988397874135,-0.03516823107876556,0.076581216543224,0.9267847356132527,0.13498366888707913,0.6864402725972085,-0.5181108377834814,0.2508251482950488,0.4328979503375249,0.38843336068149875,-0.8342331553269304,0.012670440552688178
2019-03-05 13:21:51.094000,-0.5423809356155407,-2.0319251221727956,-1.3061726215298541,1.1722513223013398,0.06092757354416957,-0.05806569319130542,0.9914462040343821,0.3966421223271833,0.6380130100109251,-0.38894952490485823,0.26482488492509076,0.0016957240412608376,0.6615753466206358,-0.45258812363030854,-0.01619326174730229
2019-03-05 13:21:51.234000,-0.49911603681972183,-1.566491491611652,-1.2967294375970964,1.5385480377722234,0.428178749863109,-0.4076842829479749,0.785146297253847,0.432638484378323,0.6732344468645934,-0.19447096740139025,0.4518223845053056,0.06820701011418051,0.6283692653959139,-0.3033538453498858,0.26139625431366287
2019-03-05 13:21:51.328000,-0.5709971953623802,-1.7418308798477957,-1.454581761637548,1.3351793791271462,0.16313093158259656,-0.4333365494534033,0.7027399005253605,0.23267379499225715,0.8836184201777895,-0.09015241971735696,0.3951115834080901,0.2424018324120054,0.6084744201173371,-0.21541819666919498,0.049079860526024754
2019-03-05 13:21:51.437000,-0.2470234659313264,-1.6197013928835018,-1.4468325622088345,1.1354327670411273,0.3355891544823045,-0.3758090627495052,1.0377988004898384,0.14824999562294916,0.5573505715745461,-0.4206851820058094,0.6004102682702683,0.12107236852976067,0.6074804111740029,-0.44326200203649346,0.08964323911452399
2019-03-05 13:21:51.500000,-0.5068809501590388,-1.423560063082716,-1.121473130929461,0.9190656659316785,0.4371320895798768,-0.30055192366338623,1.1953605934714782,-0.009695019566772434,0.42233252371648444,-0.646674908153279,0.4381511436241708,0.3829617473236443,0.8027423747756839,-0.20316263480653035,-0.1102894335040902
2019-03-05 13:21:51.562000,-0.5767222255006637,-1.8461727247562996,-1.1765735648737534,1.1659291406218393,0.17771517275803617,0.016539327927005854,0.9400761136994908,-0.09642184202440018,0.4336858936561193,-0.3288445928712029,0.32263812494927596,0.1647377636223455,0.4810430106068751,-0.1478142286511741,-0.22727853856458935
2019-03-05 13:21:51.641000,-0.2993922418093984,-1.678951656369863,-1.5405719506141824,1.244022666716893,0.4382325663667599,-0.07203233890746791,0.9124142908218384,-0.010945074371110586,0.41720452955433296,-0.5289137201749107,0.32027437543231724,0.43867456064479876,0.5497925787710933,-0.26927321738477017,0.3058999501258116
2019-03-05 13:21:51.703000,-0.1799898339532655,-1.6159993945108448,-1.5214383390835422,1.1565683271396736,0.2212509622593889,0.004943771640371408,0.9075102729624113,0.160415729883285,0.511097746895729,-0.6890166987586498,0.2740309771283294,0.47960396978715675,0.6070468367714368,-0.2521449592313373,-0.13692057356003134
2019-03-05 13:21:51.766000,-0.4073108290673586,-1.4863167104415185,-1.7293908011609758,1.3762211467089502,0.4943901893550575,-0.44321201734867666,0.9281080662543554,0.0013723982249804756,0.4254131062349357,-0.5982908988795288,0.47604833408039376,-0.01039619255995794,0.3088195881505939,0.04362822966955243,0.3997069471717407
2019-03-05 13:21:51.828000,-0.4367706241964311,-1.5007127097814195,-1.5759828696205,1.3505794337480843,0.45341192749988035,-0.07812332554255605,0.7860989049411884,0.15834644147694843,0.6082083424628335,-0.6554386741574111,0.6492425976515293,0.03639899932783752,0.274614135786211,-0.011548560714146672,0.25314489353352554
2019-03-05 13:21:51.906000,-0.7504187600950734,-1.4749290552415948,-1.435132944862528,1.2207350841254143,0.430470808203293,-0.2632670015873202,0.6225202400758412,0.010410580918646883,0.40774036700409366,-1.0724959627546693,0.4298998627455783,0.15653591179444049,0.5189895568364238,0.023908754820669426,0.10668541875520576
2019-03-05 13:21:51.969000,-0.8108978649717531,-1.5438809525475854,-1.5029851377916996,1.2164325380815986,0.27271610440295546,-0.05728297570839494,0.8968654368288532,0.19608111048764,0.6729447979022274,-0.8840679111533731,0.9030864161999999,-0.024076032230967104,0.724105219203099,-0.10618004959723654,0.1412073691205732
2019-03-05 13:21:52.047000,-0.7445847244551023,-1.3465296252908612,-1.4355747694419925,1.1521336177405286,0.8083207035990343,-0.2897450339614781,0.749211324818622,0.32042969575699376,0.9746418088505182,-0.446832809641141,0.23510269545914425,-0.08085921201191182,0.4632255044096451,-0.41603185920215346,0.09661407133904432
2019-03-05 13:21:52.172000,-0.6683867268324284,-1.3283660849148555,-1.330627292944191,1.6199306731850234,0.5898302378296456,0.12455756612404853,0.6779079119359379,0.032389580241529714,0.764935406550999,-0.8078216101788436,0.7784277868232796,0.038134098487098034,0.4166979505149125,-0.40685323749646585,0.06627848977523065
2019-03-05 13:21:52.281000,-0.6481046054237964,-1.4188524563725613,-1.6963992384285675,1.7368696930903378,0.9998414608313709,-0.2166673554052732,0.6799200747781942,0.5484668877790996,0.9122483795372613,-0.9004607114375575,0.428081876711973,0.2228078571467058,0.012034607736853664,-0.2655084533642726,0.20288022327371047
2019-03-05 13:21:52.375000,-0.26348383347930104,-1.3912411761748817,-1.5029028245524672,1.688221912035328,0.7493070043156648,0.3576784190735124,0.4509123416794457,0.08061432449608963,0.9319140345844021,-1.0990447992772625,0.6080300380366181,-0.007151268794520105,0.13447218016558188,-0.4120388509502563,0.5133288947142739
2019-03-05 13:21:52.484000,-0.5542600368736945,-1.3445806102925113,-1.2328853772769972,1.713559960190179,0.6570311997731798,0.18187963600635224,0.8723942441618588,0.10748113488544153,0.5975447353423722,-0.6176195917808776,0.5420344852435968,-0.14072230353870796,0.3903717464612884,-0.25404611662739657,0.06328742572062995
2019-03-05 13:21:52.609000,-1.1516897754336277,-1.5013361703966872,-1.1005425952631551,1.3108684442311722,0.44451938498955446,-0.22377278165106665,0.902529144463862,0.11668555709838824,0.9975081251697357,-0.7835243730400696,0.5234187773470864,0.0739969046149247,0.2861304843252093,-0.15299618358420786,0.155603836601505
2019-03-05 13:21:52.781000,-0.6188919442893073,-1.491011968074857,-1.1335294832082758,1.4946394981129758,0.6212660676234794,-0.2225105524294586,0.4916793888779964,0.15253335628947562,0.8635141547163907,-0.6170438819812331,0.9100286165643774,-0.17695261769971193,0.831751834233964,-0.2705347618214328,0.009317998293899454
2019-03-05 13:21:52.875000,-0.6343796373176658,-1.3167896170104108,-1.0842922408540758,1.2777805088406649,0.4699793392405468,-0.3582699993923836,0.7128425786120427,0.061921206272458784,0.9630719730392605,-0.8093978075415604,0.40683244703684557,0.018131744926494386,0.7302319238540844,-0.4109539706588643,0.1487831227632248
2019-03-05 13:21:52.984000,-0.7102394575624635,-1.6957602432796657,-1.1863504481720983,1.5401076070693858,0.31711254012180795,0.026435728424194727,0.5201743909859039,-0.13143877173159124,1.123592923917173,-0.8275049198354277,0.9175689788089838,-0.2617806474496204,0.4259349823504726,-0.2505738625313639,-0.030948254011838983
2019-03-05 13:21:53.047000,-0.6289648267485286,-1.5184906645791107,-1.3010379463108885,1.5533656935985618,0.43931330968941884,-0.3897222248117327,0.5725673516837075,-0.0726993654651571,0.8091691384364978,-0.6253480813177708,0.40467419201945326,-0.08500505000107739,0.562276497883671,-0.22223198569799413,0.4343523672816608
2019-03-05 13:21:53.125000,-0.6736935849292647,-1.5288226334864818,-1.244272635188293,1.278907358987113,0.656881242971837,-0.0919943721594664,0.6740156976818014,0.1654299277238812,0.8135612658879632,-0.6373558683008342,0.7997982373376886,-0.05063833555327657,0.24745056322940978,0.15169640547011387,0.39838544916075724
2019-03-05 13:21:53.188000,-0.42777690573452,-1.352295558895639,-1.390969478478628,1.5956747405705098,0.46504946953156745,0.08533802117370556,0.6678504423294982,-0.005712154753011345,0.6934715359045723,-0.7305545850853673,0.531716950770589,-0.23744561415401233,0.4740644586834433,-0.11421804214996678,0.2305262412209229
2019-03-05 13:21:53.250000,-0.4046996032911263,-1.4539645814911175,-1.6674269355136884,1.4400687499393967,0.6645836237546154,0.0054170275784459765,0.8251194951322234,0.1946324376084413,0.5008472348651651,-0.6891378421430914,0.5166923934268206,-0.1928155144986422,0.18987019625013263,-0.3096134074467376,0.362853898652581
2019-03-05 13:21:53.313000,-0.6139292018989564,-1.291822899490123,-1.302119193345663,1.6374648464873447,0.6019004120292103,-0.3014385922469687,0.8735114080317565,0.022809241530178492,0.9112878481136262,-0.3751799590928174,0.40456837987752076,-0.08652303092041724,0.6846954102720271,-0.030097918524089162,0.16230693248946326
2019-03-05 13:21:53.391000,-0.367881961976086,-1.2300463147818048,-1.4584073756999152,1.5145359938338365,0.4212584531740565,0.020565251978352156,0.6546292748293387,0.10285118902276402,0.5509844167359681,-0.5681149693448765,0.34547396647086265,0.1163675637081516,0.4645208431783861,-0.284683599963826,0.14722587735176995
2019-03-05 13:21:53.531000,-0.4285458538763156,-1.2610354147222216,-1.4274104848169653,1.0947384779480436,0.14107165803467403,-0.25428598026154925,0.6877730755049911,-0.2696910211944512,0.8067430272254461,-0.4430328315809169,0.5133268565874096,-0.2962198766562242,0.9673476068199363,-0.26771811815070273,0.17806250899353082
2019-03-05 13:21:53.625000,-0.43982923093824944,-1.455729017414619,-1.628098502667085,1.1095601798089654,0.41062273553255224,-0.27645166050736425,1.1016819998814646,0.05891491315427366,0.8413020860299183,-0.5216640022380571,0.6480114787491318,0.49746453194575546,0.5088315516735669,-0.3511426408054051,0.08234384800142491
2019-03-05 13:21:53.734000,-0.6307671564428055,-1.1050685352857963,-1.459992282118861,1.0095320898502902,0.3432713023872076,-0.4443477384304485,0.8544185381285758,0.014362779515726065,0.9038946234178475,-0.7540475561824298,0.3159139938509165,0.17176974453127603,0.6565499850672043,-0.5901623364369524,-0.025245124349782544
2019-03-05 13:21:53.859000,-0.35554361452135375,-0.9486169291124646,-1.309868088350985,1.020931371905521,0.34185092691455304,-0.21765903756381114,0.8223657076608811,0.10257352854525736,0.2585910257874235,-0.6171458728592949,0.43942975796211486,0.15262288448623218,1.02709616916747,0.09767955132474515,0.025909477137318948
2019-03-05 13:21:53.953000,-0.4320844654831708,-1.02924512700503,-1.3377654191441661,0.9894113885857498,0.17233835880995896,-0.40023046095047643,0.8961849555278724,-0.0017224013212520095,0.9427328517301534,-0.0794779580483648,0.3658848349037594,0.2747960332093834,0.4008973556064677,-0.44146405957053236,0.11378257425482252
2019-03-05 13:21:54.031000,-0.4336412898064572,-1.265470897042536,-1.466315671013177,0.7408984627766082,0.3350451375987375,-0.5180370548459772,0.9802374267112358,0.20377817209589655,0.8841428136828628,-0.04350551007740752,0.8028804312628202,0.4112926890319177,0.3776802249403644,-0.12549824174137936,0.05695539949836392
2019-03-05 13:21:54.094000,-0.43640047422520434,-1.283689110862495,-1.4542249427054044,0.9516239289006567,0.4982129235155738,-0.29908618653652086,0.570023277917669,-0.09361717213505749,0.2746616619220454,0.020943822003707722,0.5513328215781947,0.40419821139083706,0.16538197928667336,-0.3294138205026478,-0.0023480486040577953
2019-03-05 13:21:54.156000,-0.3860400920533835,-1.1849424734230753,-1.5076419902473304,0.876048578296251,-0.09608614600448898,-0.27444035350278617,0.6640919228217347,-0.08229227105763437,0.44829740116575906,-0.18576734251030957,0.7251646084391061,0.718360321864776,0.5857676969357166,-0.1494715342449946,0.033895662413328975
2019-03-05 13:21:54.234000,-0.44529400294704935,-0.9933367974125318,-1.252850478271787,0.8493704572658076,0.18075314993558994,-0.24972683372964963,0.6477465897831804,0.02012153951579132,0.5244367813519859,-0.09112644946838605,0.4587169714990375,0.7518259412273941,0.21435415161617583,-0.472044587983553,0.15824126794874993
2019-03-05 13:21:54.297000,-0.4087213838173458,-1.0288888093177713,-1.4714833561684697,0.6453860640928823,0.10916116707755232,-0.15975478057091108,0.4073358642138797,0.1288562911793092,0.7293568351761062,-0.08373563750106153,0.5606331525972508,0.4510399399153682,0.5597183685267872,-0.5703055456392687,0.26566611676799046
2019-03-05 13:21:54.359000,-0.713712562232685,-0.651898447799093,-1.6263004831237253,0.5971539790759439,-0.02827635420774642,-0.40220767431210236,0.3369519500062922,0.124881007843062,0.35781539477615365,-0.21456012056585294,0.35563909386573994,0.6564697055165917,0.9584799779478781,-0.539085429005343,-0.0565940293410333
2019-03-05 13:21:54.438000,-0.6732042425790103,-0.7094205546703458,-1.5863107364558149,0.6177874755287729,0.2119142103184088,-0.002470053471509387,0.45745513810889127,-0.3702881778849727,0.6312322337849811,-0.17499905356973677,0.7910501733132427,0.14349254002100842,0.5750711518756613,-0.4662300694995763,0.03707902992998913
2019-03-05 13:21:54.500000,-0.2261911064519344,-0.780981273473631,-1.551277343404743,0.9327076784562447,0.16873389332111893,-0.3417616296083663,0.5021668926359111,0.013140420104430617,0.43687423160127,-0.06626877534762793,0.5211002724682123,0.5056954059465886,0.7985353228470953,-0.5498789459551165,-0.03203824137287303
2019-03-05 13:21:54.563000,-1.0100528355744212,-0.5745235477702053,-1.2179508343386294,0.8125590387366177,0.5066672408026738,-0.40147441792369176,0.4786720963990868,-0.2322995811371722,0.4421639987404095,-0.33131739942402505,0.35455825529987467,0.6881773044544179,0.6497169861359311,-0.36686097227405134,0.3039035059891745
2019-03-05 13:21:54.625000,-0.7842055022620582,-0.8344458739311866,-1.333460415134732,0.5339494102589419,0.0506914462016705,-0.6629481867399125,0.4345448954210923,-0.020085725482614003,0.602224562674261,-0.22670132808675958,0.9280588781724028,0.8071792929888082,0.8229996599609606,-0.5575891059208542,0.10073552761739557
2019-03-05 13:21:54.703000,-0.32625884373247516,-0.732164785624331,-1.5794093163686589,0.8035502762034468,0.37501478023087365,-0.3194046498714631,0.6062826425346882,-0.1953987022969299,0.7542444866136395,-0.09264346721607344,0.613914376296179,0.41750925551462276,0.683177946177058,-0.7381697564773628,0.19005993432074597
2019-03-05 13:21:54.766000,-0.39424489058218004,-0.7857240514584216,-1.4392868030005728,0.6997175842939036,0.169000289111984,-0.4778079851312099,0.6634267717590367,-0.15921180344462527,0.4222040126897522,-0.18663986779812425,0.46896086635106743,0.4161130126281295,0.5856332104045299,-0.5034913206521967,0.3122630464219809
2019-03-05 13:21:55.266000,-0.35606681533673523,-0.9863754539881029,-1.154074893298394,0.9384222930964055,0.13557545558674367,-0.26610833621985586,0.6144135128421351,0.2677498515162601,1.0567833248212595,-0.23293008611725463,0.33328109482132035,0.11858445425039021,0.6815207257465707,-0.47879233589136805,0.09790048781498395
2019-03-05 13:21:55.375000,-0.7446107602186376,-1.3050626122356324,-1.4784103021638562,0.7779527670990105,0.11622479570645773,-0.28315869591068,1.0967540080595477,0.2492263600045198,0.9150246724083035,-0.8847569244224003,0.6300864346670108,0.5338060071446764,0.4825253062237885,-0.06730522649347326,-0.11030591668671519
2019-03-05 13:21:55.516000,-0.5357731078888173,-1.5476825454607432,-0.9255129249044836,1.1725431321700843,0.21282725569708788,0.0014837133578502193,0.8936574824152032,0.3112265743867463,0.9004469631942009,-0.6009595030192713,0.354614478091066,-0.17345337017685358,0.23716539527150698,-0.6553982045488658,-0.17603643195489121
2019-03-05 13:21:55.610000,-1.0063766157736538,-1.5573306381652596,-0.6646269734046053,0.8827305863996927,0.2758317006026668,-0.28753672512844164,0.8593821754787847,0.18851324077350362,1.1585459092959014,-0.49677357933692057,0.28801610720321763,-0.32325010386032826,0.8510206816712278,-0.5036221594051954,-0.20232640129013485
2019-03-05 13:21:55.719000,-0.44103715743000516,-1.534475946216225,-1.1958650265994608,1.4336741286939751,0.519553743878989,-0.11849266865487826,0.9023878232269235,0.3990730455560888,1.0271890077240513,-0.5812132544938169,0.5552761068482799,-0.24976905524417858,0.5604040072105811,-0.38792514506406434,-0.10130734452113999
2019-03-05 13:21:55.860000,-1.0390013713198374,-1.6599836975682578,-1.0670446899804387,1.3813190988771642,0.017140600398099767,-0.5851915099056563,0.9836144906714905,0.3554362236640468,0.6757045199235203,-0.6424590118497104,0.6643136187537122,0.23604116979601342,0.40881114933828205,-0.07396511171023085,-0.28864945871596487
2019-03-05 13:21:55.906000,-0.9158492099741307,-1.5577996216113625,-1.3139133130770508,1.18169829292517,0.45498250471538304,-0.5160880612798174,0.9931950471377768,0.4414263169256266,0.6677697780031275,-0.48363902948706927,0.5634953953564614,-0.10026489816089657,0.6175072732150109,-0.2376203509899858,0.10817794467268471
2019-03-05 13:21:55.985000,-0.8029528495373985,-1.4743546898743096,-1.2878749207422457,1.2131325177678844,0.7620713216865442,-0.10368997282158124,0.7062041462225062,0.42028534862724165,0.7970707475933665,-0.8097915355792664,0.6016900524711315,0.2731370299695698,0.4013754106948237,-0.41185020605171296,0.14756465621079617
2019-03-05 13:21:56.047000,-1.0888519091276834,-1.456690281587771,-1.2347632705371308,1.118766750145593,0.5426048527254437,-0.24449469240159738,0.9648488965105656,0.33106585016021384,0.7434102204520638,-0.8159856518750168,0.45477866402235095,0.5154340079591644,0.5220775581167181,-0.4382575528129592,0.36619764229659113
2019-03-05 13:21:56.110000,-0.7592380991911152,-1.4967024141328649,-1.300106743381158,1.5442014472225365,0.5010025386818963,-0.1615781989297301,1.0292710136857854,0.4608387214540576,0.6142259064659461,-0.8214184406710754,0.3499819857959659,0.22755508495157617,0.2633450312302919,-0.005311369440840458,0.15317398397450566
2019-03-05 13:21:56.250000,-0.6020253675689236,-1.9891414468179391,-1.247954189550298,1.4359375271366002,0.4748834706787127,-0.11554257060799278,1.1696185544620492,0.11395809896985443,0.4918867165223154,-0.7016456449780295,0.5660560266272536,0.4367975855981453,0.5096617680022877,-0.24976738015775846,0.1424709028707143
2019-03-05 13:21:56.360000,-0.4679440873995566,-1.8174551594622397,-0.8916218246557429,1.4995001546083444,0.4946299648364202,-0.2573851342607631,0.8302976415248936,0.38244075469204886,0.9651517422179656,-0.9561355861929315,0.5320240967331771,0.17786374858198029,0.32189274442871924,-0.2647287014880636,0.21263020657283216
2019-03-05 13:21:56.485000,-0.802857469519183,-1.967921407737066,-1.1163976585207451,1.277205939049471,0.5008201124185057,-0.26998743520924595,0.8790259002403055,0.17708598414321164,1.1979720637493976,-0.8413724659146566,0.42602570778603494,0.26455194155150574,0.5488513556059795,-0.2561102992790914,0.2453034351849701
2019-03-05 13:21:56.594000,-0.7954854639583386,-1.9100581382406876,-0.8861626383417975,1.210058342633869,0.5871236519577241,-0.0684298874872414,1.018325589322979,0.09485778246287091,1.181327044744992,-0.9323929263867046,0.7000052445546474,0.20734613905249544,0.22845813151298244,-0.5430118722721249,0.33128674338045183
2019-03-05 13:21:56.656000,-0.7544795841410292,-1.6209503871477047,-0.9495095445840748,1.470009602424341,0.5759629307705294,0.2914716402149482,0.7938326390339594,-0.16423158861981413,0.8322482125265995,-0.6824073691375723,0.8322902308918381,0.21268583496968074,0.212796553717781,-0.21866949554342607,0.15948401473070062
2019-03-05 13:21:56.719000,-0.3761704314426533,-1.8812135857541508,-1.0973031221457736,1.5799062974357747,0.5702889364120102,-0.11789836413751775,0.8734761404570105,-0.06098244796325025,0.5442961361676134,-0.4465756234829016,0.9333761264933944,-0.06863444209213876,0.48123141403618735,-0.06026250869735922,0.13147066872678503
2019-03-05 13:21:56.797000,-0.6763281238996721,-1.4409064273838181,-0.3370519074825755,1.1977146435425952,0.16607266920004854,-0.29020815843722003,0.6698258149924325,0.4923757851669831,0.6736000858232802,-1.0651681146991494,0.9069345918878642,0.11848267532572287,0.37128242169694176,-0.32672872948689236,0.26278968188925944
2019-03-05 13:21:56.860000,-0.25449298818129407,-1.7444263621249814,-1.0951064323672608,1.3884841825895597,0.5185593866515025,-0.033132895512279215,1.1353359277759205,0.2260981918115853,0.3544920670862817,-0.7503161953495483,0.6156720556659985,0.2661993952912485,0.49268708822394297,-0.21356279543570728,-0.001693299072659915
2019-03-05 13:21:56.922000,-0.820027567925611,-1.559895339113612,-1.2616285223108754,1.3065169794105702,0.6015799153322073,-0.24861722752294962,0.911062220800098,-0.215312697330027,0.5952791255852701,-0.7658930065139876,0.5419150604455254,0.22799767119414904,0.3948282094820195,-0.14169482746438555,0.07869111895761016
2019-03-05 13:21:57,-0.36638683988990817,-1.318278387837931,-1.2842364014519994,1.1594980402033699,0.6368218884161664,-0.39453148637390456,0.7930327838327321,0.019123873504706457,0.8495781905904543,-0.9876736453628718,0.47624099274056725,0.19254931998455227,0.5827362086158385,-0.19498612417089936,0.011480828066730231
2019-03-05 13:21:57.063000,-0.5380607938796027,-1.5955941915099263,-0.9534065783402502,1.2703403311175008,0.7857148951669966,-0.4187086484056274,0.6391894314970858,-0.09247313959843062,0.9240388335329404,-1.195501413299276,0.5222887550694693,0.5348171064231995,0.39681093086059277,-0.1053928903206055,-0.18805806774579498
2019-03-05 13:21:57.125000,-0.8811164163269307,-1.3624428145589258,-1.3492574116648002,1.280647618407331,0.27822150158365505,-0.3253872457117349,0.6299211656566353,0.20221126853395133,1.0357648224996248,-0.6358899811211114,0.16248169396188233,0.055117223869748155,0.36100061196588223,-0.2886562666908813,-0.2028464618585168
2019-03-05 13:21:57.203000,-0.19468936536720038,-1.651233522771995,-0.9711818915317948,1.2120026417912784,0.7495451484046942,-0.3578539310671406,0.8811121305330007,0.17255007046070758,0.7728615341936422,-0.949739256009926,0.5885886743206132,0.27527908098413756,0.38822065423495805,-0.014958241418972174,0.27064679246838075
2019-03-05 13:21:57.266000,-0.5294729882004625,-1.5651644792908685,-1.1886667231799568,1.284622989774913,0.5334984639178302,-0.3809551508811525,0.9931248725783973,0.19958284225055245,0.456794305835335,-0.7853078954042887,0.6007133681155272,0.24007910949407407,0.4428251499095564,-0.4387979068577009,0.3055562946318954
2019-03-05 13:21:57.328000,-0.7585207265501435,-1.7180945924354836,-0.86482156874381,1.375398409754599,0.4502350967989448,-0.5137180798559221,0.7942884124151159,0.06263391188468503,0.950617768688597,-0.4633831889841221,0.5382477687459635,0.13451867181891852,0.7523594155302609,-0.19600518091266017,0.21729708582977414
2019-03-05 13:21:57.391000,-0.4465154731474703,-1.9290827611988028,-1.3961227267771632,1.4587357889260744,0.36569003106219344,-0.39627432502282633,0.8346502421293187,0.11967625431241391,0.43645270553057874,-0.38193209130144823,0.6509413213806732,0.19994350435583708,0.48291661737505615,-0.39661428739468413,0.1891232678543282
2019-03-05 13:21:57.469000,-0.8504146207322312,-1.7011028786029394,-1.2389029620105179,1.1038243970528363,0.37496075205449236,-0.7145717509762083,0.4027638614111275,0.1027236450445812,0.33285184004495105,-1.0284245648649741,0.48011012887959875,-0.12801150473398581,0.49107427122065556,-0.2679925113569088,0.6015130154537923
2019-03-05 13:21:57.610000,-0.728949166038277,-1.6832963540166137,-1.2909650471307956,1.0630577852975243,0.5547586374883183,-0.16480487034537908,1.0540596868171976,0.16130781352418755,0.46080387338830436,-0.5896003652512507,0.5679464758915895,0.4043462897627419,0.5271450486852389,-0.2714618442466964,0.31199841684807494
2019-03-05 13:21:57.719000,-0.16556249869340123,-1.4824437603442169,-1.4893586408338675,1.0335465880483705,0.3672954272417335,-0.16225132764263955,0.6981473805164705,0.1117606804322625,0.4425521348915542,-0.6484745341787286,0.5180065956185496,-0.15522295636139516,0.627744687565968,-0.44282908817351996,0.07627167624448128
2019-03-05 13:21:57.828000,-0.5910403580126662,-1.4595735073971667,-1.2539925288262257,0.9757144429599651,0.3805183846864718,-0.38594326464814,0.8716410441031168,-0.012610994568916456,1.0996804798204398,-0.4253551120390128,0.5697463978672972,-0.07509200218339795,0.8294217226455032,-0.4904834532553368,0.08008000893888112
2019-03-05 13:21:57.938000,-0.2395957760302032,-1.3008726454048682,-1.6470313436039397,0.954755722839413,0.12075177664469551,-0.17574988124381014,1.2354158327233007,0.11019721232652335,0.3092994724748218,-0.3950477030372592,0.5550281364928211,0.34442508244008846,0.4644466202756233,-0.2953474127402009,0.2433851740762497
2019-03-05 13:21:58.063000,-0.41929144979548516,-0.5538820855521465,-1.1195452801661196,0.7740443029794772,0.22324572221447492,-0.3198826445721913,0.8367605170804794,-0.16150089030603787,0.6439908930151577,-0.4362732053808258,0.43540006977941464,0.6154874797421002,0.4209503129085826,-0.1701918315999444,0.30485333219060573
2019-03-05 13:21:58.172000,-0.6418035977235155,-0.5892349514019779,-1.5386331844692822,0.6447151955433876,-0.045777555464806816,-0.5680922684235067,0.7759926348765642,-0.009395509185689321,0.9182449411283713,-0.09409383664015875,0.8367616334472512,0.30859250264211535,0.25451422224481807,-0.5647312058745164,0.3384114184762588
2019-03-05 13:21:58.282000,-0.35000519673140795,-0.6233855414205678,-1.2263863433922213,0.709482612975104,0.24723381294021524,0.04818045114597769,0.6590388821420236,-0.38661783126556376,0.6370699040620085,-0.14465038106581893,0.7653320029204727,0.4983798107720491,0.5332025970226557,-0.5463219162315666,0.38904539088432755
2019-03-05 13:21:58.344000,-0.6523123228152481,-0.5374765875424199,-1.4213435326901864,0.5996209494055142,0.14421816370865342,-0.773859815824073,0.4512181449099738,-0.3111624404207187,0.612994063117213,-0.3139522402630366,0.4743894523569195,0.5116771469229855,0.7622929553554674,-0.7684828634950964,0.3090315936255761
2019-03-05 13:21:58.407000,-0.3787981500962281,-0.49922112845921074,-1.2816419762499929,0.4128336932243959,0.09014492074142096,-0.12826476682590582,0.40231821099958853,-0.17089376800494072,0.6505562852801845,-0.17860959417360822,0.48467058502528376,0.07290383717073834,0.761822145304548,-0.5733386681152606,0.3211597493895365
2019-03-05 13:21:58.469000,-0.5115335369977632,-0.4776552131346907,-1.3567610917492365,0.664637676977889,-0.07295667408264082,-0.5100367865636142,0.5189958964961298,-0.05009703591668435,0.7605704867152936,-0.15399459994472867,0.6843812657393653,0.45270327209442446,0.8731375407207922,-0.5854473887594441,0.24087939004669068
2019-03-05 13:21:58.547000,-0.41434784280895265,-0.6203602376464854,-1.4069495726105061,0.6815606347587715,0.00824661122557925,-0.18529685671449025,0.46679429722989907,-0.1224370104693644,0.6742578626251975,-0.39598245584375236,0.8879269343455856,0.3737630779629744,0.5546157560530838,-0.704421702770301,0.3632013558480066
2019-03-05 13:21:58.610000,-0.8077933051337745,-0.47248230806045477,-1.2410204009388643,0.5890580495667364,0.17743200735092696,-0.5703582991435224,0.22717354412617208,-0.1518868987115246,0.6778173600435207,-0.21262222698725441,0.36645705343627216,0.26760612119437466,0.291550102668694,-0.7177637330905464,0.14041663816329486
2019-03-05 13:21:58.672000,-0.5555461989362649,-0.782140385098919,-1.3687187551638074,0.8819608070516678,0.36535817275180116,-0.7506142707949924,0.38583494161375376,-0.24571265142667154,0.42200742294871807,0.05066069383401113,0.5930770886471022,0.7290523195025624,0.45199762854490005,-0.38834885248689266,0.28134762651206846
2019-03-05 13:21:58.750000,-0.6698765416704657,-0.7203233185510323,-1.2033643665823182,0.47668035531795083,-0.06240366664637008,-0.5936145628533799,0.272696535901394,0.014803380148137424,0.8138237749228154,-0.011014834133168977,0.5118580194229583,0.635151059028313,0.14272580959793063,-0.4691988061816904,-0.03214669151865357
2019-03-05 13:21:58.813000,-0.09202938671407024,-0.8004321786532325,-1.428259539556805,0.3227791492075798,0.35113042684539514,-0.3366801396907043,0.5886144237234407,0.10123682302334491,0.40103898257086035,0.0745451779199891,0.8415827442036119,0.2961328885514476,0.43629175181823193,-0.4582814588155579,-0.09607861340522872
2019-03-05 13:21:58.953000,-0.732389927474113,-0.732599467707864,-1.2701916071607886,0.9480065263336446,0.20130881987637006,-0.14786147730066204,0.622250473973654,-0.1838820867291484,0.2318584645220175,-0.40318187819760914,0.48557150235180585,0.43294259450033684,0.4050427833161499,-0.35066644217408754,0.2583136403406987
2019-03-05 13:21:59.063000,-0.1438772122124954,-1.0732157200836996,-1.013322315025504,1.263606850867688,-0.08818316061381481,-0.21327276997902309,0.46498020270855056,0.07279368233984762,0.5558354748604065,-0.34825437225536854,0.24664821301573675,0.37973974012720785,0.6807616180540834,-0.7048629304898768,0.2654927700182894
2019-03-05 13:21:59.188000,-0.5945822258339435,-1.1005687343077772,-1.3733782648269308,1.1453894092610681,0.29465909132528706,-0.385605634192694,0.6518237236002471,0.09674746323409644,0.7835469110441764,-0.14708340991997151,0.37527136199489447,0.24493463519590764,0.6515426004869551,-0.3556626183505416,0.24105318689374533
2019-03-05 13:21:59.313000,-0.7114739636187455,-1.010814802114381,-1.1785051489030498,1.0512098461827826,0.35146406504280997,-0.3841428333380261,0.6721825394733736,0.06209300778980176,0.504228036980416,-0.22386530491146406,0.20113221563730926,0.23896980574535975,0.5942805991733591,-0.3603340414108058,0.400702563710164
2019-03-05 13:21:59.375000,-0.5701396725412082,-0.9924349706241413,-1.3743798670628893,1.2557367544552314,0.09650510650237211,-0.19291518931467688,0.6871157849989848,0.07326948035374703,0.6674482084951219,-0.33278305360254096,0.4263193289765301,0.030661965853947093,0.6192713685809002,-0.3985213123256731,0.5794876293637284
2019-03-05 13:21:59.422000,-0.445371236602643,-0.7541028042917572,-0.9497003461139266,1.0752750257936188,0.3135100122875895,-0.4878883572679408,0.823925738749668,0.03023868544601982,0.8416350633810612,-0.24311057034707872,0.3737589437310122,0.02260376892003213,0.5504807014335233,-0.1276709757461773,0.13392844540229132
2019-03-05 13:21:59.485000,-0.5061837339523665,-1.0380662031023604,-0.8655714426116716,1.4533447479017703,0.2948529562840038,-0.46944391230194016,0.8710096949615571,0.24224144327090558,0.8132016938018949,-0.7055970643123125,0.07897307767499734,-0.04506923149489461,0.4844600167127531,-0.36648846213617725,0.1735917421657277
2019-03-05 13:21:59.547000,-0.5777230733032108,-1.039259733772072,-0.8597158051872542,1.2631651079989061,0.4251545750033273,-0.37729608397618264,0.6089811743476683,0.06420581853020135,1.0457170420237323,-0.7517518589283788,0.4377473037472632,-0.1437512803173634,0.6118706573595079,-0.36733253563505197,-0.0873682951317517
2019-03-05 13:21:59.625000,-0.6013457279114851,-1.3814632629834733,-1.1580382501696989,1.1274297121771513,0.4141459768025698,-0.3314942736840415,0.6522020098053022,-0.08361497052197653,0.8356802908951946,-0.6491415966177984,0.6313420704722255,-0.23742149665900614,0.3620681089268771,0.0072964013978569775,0.2710124635109975
2019-03-05 13:21:59.688000,-0.7294179671265733,-1.1031609641946138,-1.0467661464379696,1.1068509591648572,0.24666493600171785,-0.2753429731233,0.43540942977553865,0.3134101050496735,0.7405060259773661,-0.5826661754764931,0.3583675055088223,-0.04334910684197335,0.4891323676028981,-0.2612162649047673,0.024504178273354826
2019-03-05 13:21:59.750000,-0.8469414233811308,-1.4744577023334733,-1.0788660468985118,1.133748542063796,0.5028730735270828,-0.2444409576120143,0.6945077149518619,0.26750630075259874,0.8889667997982429,-0.3518536551326073,0.4137755617198587,-0.3265529148321521,0.6305396847206008,-0.24372464266507468,-0.027453491085780768
2019-03-05 13:21:59.828000,-0.26283233880436674,-1.1968169628793301,-0.4808434373824799,1.682437092671499,0.1109508015044557,-0.3322448934960922,0.8096071228523831,0.27931689728213993,1.0492144141077606,-0.7152630597204965,0.37617766524682766,0.14928917994673951,0.06899778447813304,-0.31728819502038075,0.35945150333483833
2019-03-05 13:21:59.891000,-0.7824551003230322,-1.1072726490249192,-1.0700460689124756,1.1790642212194664,0.45837186157214893,-0.7436052536719897,0.878097792707436,0.12972263505624337,0.40731380627180974,-0.826068808853523,0.3572456090704836,0.02608857650959273,0.8626198999212074,-0.28382565936174775,0.12317776887413312
2019-03-05 13:21:59.953000,-0.8467093254916249,-1.4978478667980069,-0.9474118958676807,1.0808258374936397,0.7685592993968693,-0.2818862510426743,0.6088171645095525,0.1793252997667799,0.6431197412340082,-1.0460033344016644,0.4841534626325131,-0.2951805220614362,0.6488502307025108,-0.012038367690890617,-0.004378160986052704
2019-03-05 13:22:00.016000,-0.5913198416604768,-1.3767883395306484,-0.5913774166099682,1.3883053043996463,0.6720048932364502,-0.02142958399966921,0.8282207805844547,0.226043789969827,0.5808727865247448,-0.7397978488516987,0.6224789990752795,-0.09408190568794272,0.16918024401009962,-0.5243315995646662,0.3409648612860554
2019-03-05 13:22:00.094000,-0.7003798237185586,-1.485529052860941,-1.1155789644275873,1.2544542182846965,0.5934439882396403,-0.18036182540703022,0.5402847613407056,0.1073445433766016,0.9499984355591311,-0.7470706374218075,0.6404321665144752,0.009347136241872112,0.5363319761362715,-0.24612626098630516,0.288134314019168
2019-03-05 13:22:00.157000,-1.0651840124595013,-1.2453493355047396,-0.9053444739853405,1.528809024239313,0.9864454228882372,-0.30924169647349276,0.8857999964564914,0.22733536252899034,0.6142382136001892,-0.6401409275830402,0.49402552151644813,0.3317069508257576,0.4654587649160891,0.01828958738150363,0.365083982572767
2019-03-05 13:22:00.313000,-0.926352742641809,-1.6501058197964067,-0.9649082545047026,1.6569311490477674,0.3829946436030549,-0.34496153405044844,0.5610158048076133,0.24072345714571897,0.9796842114388538,-0.8190760544512817,0.3301498684713016,-0.23779362236285928,0.4388060520833031,-0.45740334346341194,0.31893134863246597
2019-03-05 13:22:00.422000,-0.7115729780974034,-1.5853317729117515,-1.0756287422324635,1.6280800286325283,0.5329768388548526,-0.5372218919574302,0.5410624786107481,0.034213158602230176,0.9966973454849779,-0.7784582418974463,0.5621838751808355,-0.30022417896466636,0.6245839722967341,-0.1547004397468566,0.31455392754563394
2019-03-05 13:22:00.532000,-0.5218216463866083,-1.6163401888839202,-0.7438758006126261,1.287836541386723,0.3906601899860699,0.08805049186214267,0.5513310637239961,0.29199400322904856,0.5286154715620434,-0.8019743482989748,0.40491254643883673,-0.1840999484403426,0.5095660816077221,-0.4125517621283633,0.5422930998375771
2019-03-05 13:22:00.641000,-1.1713997193454455,-1.2719315313985922,-0.9859525703935996,1.6952287972367777,0.2773818428516127,-0.26406768572135675,0.6906143883883482,0.6787245363652,0.521246773752541,-0.6609525947653202,0.5128937459826977,-0.17812728337946682,0.9638504380034445,0.10682295992855956,0.12022091233379861
2019-03-05 13:22:00.750000,-0.8428511056956478,-1.4218117239917394,-0.5959033662426151,1.5305716517324326,0.5248370483052658,-0.11719566795359512,0.5798997776395431,0.3195397506679266,1.0863878857157145,-0.7625579230410903,0.4745976402458936,-0.16196757223661684,0.6352687374719812,-0.10691148777969542,0.21384045786416295
2019-03-05 13:22:00.860000,-1.0884582886786887,-1.5093867875081592,-1.1599779796524323,1.4979864678234236,0.6194382251899352,-0.08104816587829397,0.7053503826849906,0.21764032766073094,0.8731043435560564,-0.9447626866032139,0.36160215360735165,-0.20077148272568845,0.639415580537027,0.00193541738656422,-0.06312250121710228
2019-03-05 13:22:00.969000,-1.0410913610307477,-1.661616538209362,-1.1722363943935648,1.5945143887260236,0.5293722066337271,-0.3764742433921394,0.624790904446223,0.21838469001186278,0.8134404815781999,-0.7467449462642897,0.37061119121637504,-0.28373340527967816,0.22182510309351594,-0.12711053185951776,0.2659995481585641
2019-03-05 13:22:01.079000,-0.9868416843074566,-1.6615696963238493,-1.2776933624309348,1.4801989220855818,0.47788518793982904,-0.09957895770773868,0.7972930433359441,0.3229958903166953,0.6184763184338191,-0.7522776366586094,0.5056195826749512,-0.3133056947810505,0.22462092383493182,-0.15808556254824463,0.23836943640606
2019-03-05 13:22:01.141000,-0.6629101074673129,-1.3851863175604828,-0.8916458403390344,1.905075705181507,0.4980902510154208,-0.09351776355342356,0.9304750151670373,0.156510616207581,0.7557032166958209,-0.8559924461385513,1.0057210722595475,-0.20497587088441815,0.45218188041569635,-0.293100943456477,0.4357935876614202
2019-03-05 13:22:01.204000,-0.42310184377354876,-1.5554700315420549,-1.1724374332401037,1.4866949252047397,0.6734951950435992,-0.21849022597583084,0.5326168386747254,0.23013684410862612,1.0256634482920903,-1.0320115033240238,0.7878537453779235,-0.1836138002970028,0.4662016041557336,0.023022295845363194,-0.2978925510268498
2019-03-05 13:22:01.266000,-0.825080211579118,-1.6400810765140665,-1.4485242469281785,1.507433928444953,0.6855322840954233,-0.3343540412669662,0.4961795534384795,-0.053971701109209014,0.5950860938055107,-0.5725237175405196,0.7366300871889564,-0.09099879348751272,0.28117627988171795,-0.2812686354419139,0.03890044944159099
2019-03-05 13:22:01.329000,-0.9874280996845779,-1.3431086146536595,-0.9587683508639344,1.6899359965946072,0.5235018194766482,-0.38491054684555737,0.7074588514614939,0.14281536844324572,0.7337525556936402,-0.7993699173982962,0.6996835735034668,0.17077494515581526,0.6318801827832832,-0.42718797769717065,0.09099811532474844
2019-03-05 13:22:01.407000,-0.7855871546088551,-1.3526263708853294,-1.1720945345532066,1.334158914868496,0.5667635058893868,-0.48384847264009656,0.599548568742853,0.17266159296855388,0.6270980233622887,-0.6549936763922278,0.37122008838888715,-0.2898042647726816,0.7454125347494986,-0.5070361354475357,0.21460725748468223
2019-03-05 13:22:01.469000,-0.7037445589109033,-0.9595224809360161,-0.37491433033096566,1.547502630353567,0.26781129256503156,-0.37452421342793163,0.8927116760654324,0.4551204403914543,0.5372910871366504,-0.7982835461703136,0.912554278746843,0.024959946381857723,0.8285310028368869,-0.2470951068266354,0.5069455674704698
2019-03-05 13:22:01.547000,-0.9459549686237927,-1.1932460118952006,-1.1086825332823527,1.2551313111836022,0.3684428784207978,-0.47375539573625236,0.5517091973530212,0.19217213376200426,0.6459775242763481,-0.7529479303146708,0.4902843684397871,-0.26906824922634087,1.0236932829691159,-0.473807276008866,0.15005939239757382
2019-03-05 13:22:01.688000,-0.8307374732265354,-1.163583661561546,-0.8843052410539867,1.213032417632118,0.7513702988439996,-0.5155769258285584,0.7006701246883973,0.028249924225141276,0.9589920387555206,-0.620241780580091,0.33511807506716745,0.10573182396608405,0.7213247374459519,-0.18946222789704847,0.23841487201876965
2019-03-05 13:22:01.797000,-0.5762714037002068,-1.2256507184107512,-1.0923088185376446,1.3058702884274067,0.7665953753748344,-0.31565925491268776,0.45537010012868306,0.023377599374440172,0.8738784063129581,-0.6374506445420678,0.38279866118217704,-0.3049879816332727,0.5950807429276483,-0.24613280246584499,0.24927061701014408
2019-03-05 13:22:01.907000,-0.7741512709469154,-0.8129991417257534,-1.1203488645716948,1.1407847934007393,0.40817551568614385,-0.2639930565101773,0.6968926750268645,0.19732639452063216,0.8832156390741892,-0.876414570745463,0.4305921389101249,-0.04673141486198373,0.6209582189192548,-0.18333775249848464,0.2751273938290052
2019-03-05 13:22:02.016000,-0.347072881395746,-0.6839807814576639,-1.0806576395118495,1.0690799356085319,0.1638184884558887,-0.2573137069646156,0.573920093338521,0.17990015061990794,0.724556424974063,-0.26429039517921593,0.6400652702526219,0.2281898956212357,0.5369337791935993,-0.2528339436908672,0.08447119073982745
2019-03-05 13:22:02.141000,-0.8524362150331775,-0.5830857297083636,-1.218897380352364,0.8790681644408979,0.26542310235891026,-0.23303871082458058,0.6742241959701853,0.09768037417999409,0.44789479115593045,-0.6493892254166695,0.6106657971689775,0.4009141395466616,0.38559869179314193,-0.404467309938872,0.42622457491310306
2019-03-05 13:22:02.172000,-0.30144933442296384,-0.6974763545603615,-1.341054834131147,1.0246844145451273,0.017600370933151963,-0.4521787946315199,0.566084494113325,-0.030173730863056303,0.4517734283473773,0.029916298576909216,0.42860437008861846,0.3550828047772195,0.8638019191707633,-0.3792051708253694,0.2903403585587757
2019-03-05 13:22:02.250000,-0.2906679073901488,-0.4597341233930061,-1.39694427569927,0.4758475139587981,0.24620466526542245,-0.3353751281380244,0.6411268496895989,0.1711736870994779,0.8097113908015519,0.10731232300912047,0.6477573137938557,0.5053127591863751,0.49538746035913966,-0.40140007467142835,0.45061444752165125
2019-03-05 13:22:02.313000,-0.46548238169518497,-0.366710663295728,-1.4446148565779149,0.3530970246649803,-0.03685009480924557,0.10845039877839072,0.8862761493640036,-0.1055458545678798,0.3277771456897738,0.0966149276387925,0.6090121815721117,0.35908929865419265,1.0274985495015658,-0.00024061390293531049,0.40380181855190467
2019-03-05 13:22:02.375000,-0.6862860441747718,-0.5515248496935987,-0.8794055579569899,0.47217487364493804,0.16843378813837356,-0.5443475345623029,0.3997287941756057,-0.04257390420393825,0.6104860380288206,0.0715287201250489,0.5332095601113922,0.4408735846243313,0.42425020757013326,-0.1996389985546628,0.3041003982745214
2019-03-05 13:22:02.454000,-0.3537665165963064,-0.6968436449914446,-0.7386748585751084,0.8938266679764415,-0.11195527031869137,0.04490508249397843,0.3911864728145712,-0.09012483219136624,0.5730445350194249,-0.6383470792709252,0.8836944144675645,0.715321819558866,0.43024431625057474,-0.5652365513667019,-0.027714934860274987
2019-03-05 13:22:02.516000,-0.21061923181530018,-0.6803802016128664,-1.1570291488080116,0.601376990256248,-0.013234148101493051,-0.29542537281075953,0.496256365688864,0.0742311643249477,0.7072198635719906,-0.17423631022006764,0.7165125084500747,0.3882766402657988,0.4409135887357522,-0.3456609975850483,0.12346635744557988
2019-03-05 13:22:02.579000,-0.4752389130740724,-0.4679048656202074,-1.1544191809232505,0.045724615369393096,-0.011427147137705138,-0.4998492891173111,0.5157397778211774,-0.00819829502115732,0.5549212076590778,-0.07027969385653593,0.3878923523523285,0.5100401592005228,0.8719651431974251,-0.45542267130129144,-0.21435281939864453
2019-03-05 13:22:02.657000,-0.5448436735373039,-0.3216225604569729,-0.9292197111711665,0.5139498293871281,0.20993618287956467,-0.11840709956167916,0.7489492224839566,-0.08556092171618901,0.43704705571046243,-0.19382803988924036,1.0490336405825542,0.31541826137059037,0.697837281424112,-0.524835720587603,0.18482374846790306
2019-03-05 13:22:02.719000,-0.5712905677151028,-0.46458010594241017,-1.5338149014951705,0.649636654016283,0.05839407218226279,-0.6678464329764825,0.6537772791797185,-0.40403117486662365,0.39014272369829517,-0.07117736406972355,0.6813483641655385,0.5169628942872035,0.9101414866308815,-0.44049810081405594,0.5503808296146889
2019-03-05 13:22:02.782000,-0.7023149221367615,-0.4632499827372625,-1.414318808625122,0.33868540921735213,-0.15268758491601825,-0.16918832123209288,0.7045902412544149,0.029797534484473864,0.2804164034791952,-0.2125623968788406,0.7925418696672684,0.6313164207581867,0.7532053839827175,-0.23330349547393783,0.34082349809966417
2019-03-05 13:22:02.860000,-0.4153737579147605,-0.6560506453734014,-1.2675940433252504,0.7954366107652633,0.09758986449052644,-0.5124782111443938,0.5704170177836805,0.07546997989630988,0.6702460123152243,0.01253193162171714,0.6691691362924446,0.8375812801738158,0.66088616196738,-0.341651324615894,0.5374122198967418
2019-03-05 13:22:02.922000,-0.49749355802432715,-0.26433389340798463,-0.985104309534963,0.544866774501638,0.2086346721725994,-0.7177235331806363,0.25459937529932697,-0.14463334172445208,0.3355025063014817,-0.06144274123110588,0.2954239319074336,0.6152598169642802,0.811297985774009,-0.29650953377251493,0.2813175360015431
