2019-03-05 13:21:43.853000,743.5101127166271,-521.1903449070803,1716.7007556953788,967.8059626408012,909.0672953157348,533.8939560262893,-715.5604850451895,1214.939904134022,-563.0779852893725,-285.37244684550495,226.91545690888802,171.4892856950361,-82.66084154962857,-189.61436933274774,-142.64728411643392
2019-03-05 13:21:43.921000,744.1832398065118,-520.6139138776691,1716.8267117641642,969.2223878438826,910.1807613254243,533.7102751053159,-715.5249182466056,1214.4222870847716,-562.7002279437115,-284.93434410562526,227.5335526099815,171.0532337064408,-83.02041998202924,-189.89959777149932,-141.03137018810526
2019-03-05 13:21:43.988000,743.7474549798816,-521.2988052030114,1715.2463437972203,968.8572203620931,909.2098914926913,534.4056558750132,-715.2788711831139,1213.4224727922478,-562.4067308369135,-284.7512237887155,229.03402359759502,171.25217093371373,-82.26134776817551,-190.1380457042364,-141.55965045013545
2019-03-05 13:21:44.055000,747.1241666308277,-521.681253452507,1717.590551024585,972.4256165228618,910.4686128696409,535.6410524989351,-714.3500146218904,1210.4776783119287,-561.097362809338,-285.56518010689024,232.14943248855988,171.39543416571914,-80.8330579624072,-190.13000426682117,-139.38503817301432
2019-03-05 13:21:44.121000,744.0479380492008,-524.7755100410094,1718.509668673781,973.4981367274579,909.341966170299,537.2152993213608,-713.407642724837,1208.0237898810733,-559.4498687475617,-286.4896119449627,230.43172817448738,173.12652230395256,-80.75398439208179,-187.0663723601727,-141.56901385249915
2019-03-05 13:21:44.188000,746.1779348661206,-521.6806194491111,1718.727555305959,972.1265664412991,909.4160829728953,536.2814228575053,-713.8352138560715,1207.750494249652,-559.449293788004,-285.746034065766,230.56342758187162,171.51263882613446,-81.98379199205147,-188.3636365034685,-140.08359353824477
2019-03-05 13:21:44.256000,744.4877498018722,-517.5823607111612,1715.0116300382094,978.759107458136,909.6823695416568,533.9328838828883,-711.1121613281832,1210.5272785875766,-560.782807752412,-289.74772880965685,240.3212567388681,169.34578956513457,-78.87502203491971,-189.27761654949484,-135.1594943716566
2019-03-05 13:21:44.324000,742.8337996002068,-515.8292730010091,1712.8306317288404,979.9045954932134,907.1053990167659,531.4952308527072,-707.6142565060798,1213.6116779399779,-562.2299312387134,-292.32960544702985,244.7644108288949,167.99979186361438,-76.71129126291223,-187.19455658628686,-132.151936718504
2019-03-05 13:21:44.390000,744.9823447312964,-514.6063038274514,1715.157995336741,982.741038754038,908.9013322832604,532.4274998212504,-706.8601777975792,1211.95616966764,-561.6089352113066,-292.82518499846236,248.32819623234317,167.99768814073454,-75.42518798853493,-188.66679780531803,-132.8081683131457
2019-03-05 13:21:44.457000,746.0951222661505,-502.9793813734897,1707.5512921224179,998.6199762083702,912.6155436287219,531.6981382530689,-698.8682669810614,1218.3851163846196,-561.4450596608041,-301.9550008554101,273.25433231960517,163.97841906788503,-67.85974796363556,-184.2693519041141,-121.76870630378697
2019-03-05 13:21:44.524000,746.2421435325426,-495.1880890825069,1700.5704287511662,1003.1400852361469,915.4681611185192,531.1323672545761,-693.7632776899482,1219.0727665711581,-560.1315277200194,-305.3612978702181,286.45491445319107,161.09594038474998,-63.3016026011673,-183.85219110334788,-117.9923452063849
2019-03-05 13:21:44.591000,744.5117480165794,-494.1931704115019,1702.5639408665825,1006.1987570019871,914.3162756736282,530.136389057646,-691.4487789805412,1222.6482123550245,-562.8764691008479,-306.9475179701515,288.948129290851,160.4644648564617,-62.39189359703457,-184.76479794683308,-115.39050905362637
2019-03-05 13:21:44.659000,746.0462226797976,-492.37321372825454,1697.593854016566,1004.7578638899503,914.1111255968075,529.5975841996096,-690.9834551138078,1220.8969467980328,-562.2552795392409,-307.19296461966803,292.59278001082964,160.9731463454054,-62.230027491285156,-184.72400638666153,-113.09412926094552
2019-03-05 13:21:44.726000,742.2336373080151,-490.0146533548264,1699.2228230660285,1010.8326720732751,914.5639880587898,528.2572009168418,-688.6879801592385,1225.8248536124943,-563.7996668519107,-309.97590816031624,295.81282748010636,159.7742133301277,-61.84436866140484,-183.4058163202069,-110.4934428972706
2019-03-05 13:21:44.793000,745.1160874051121,-488.84610187378274,1697.6503593518557,1010.7598542665163,917.5201880937946,529.6689855374761,-687.321064069193,1226.676312808533,-564.8029728358562,-310.79134220993683,300.58804135229406,159.35436571596298,-58.92586310717453,-185.1174087072697,-109.13289036839875
2019-03-05 13:21:44.860000,742.6283034749684,-489.33737340937256,1697.331824612829,1011.5256102706243,917.1076348750562,529.1394644097197,-686.1050715646904,1224.7463609403019,-563.5219438152217,-309.869656200557,298.83307805990523,158.83017977089256,-58.86990637248633,-183.73690652368936,-110.11393892532962
2019-03-05 13:21:44.928000,742.2886027607025,-487.13449461655364,1691.4168773863312,1010.2108719858196,916.9307192780594,527.9674367079158,-680.873056210793,1221.3609875589923,-562.2493943443952,-310.81488211397084,303.7243881806618,158.25114756556073,-56.399805802738456,-183.1282511919713,-105.61098718710255
2019-03-05 13:21:44.995000,744.4837679186145,-486.6032249452553,1692.9843198157218,1014.2446515205236,919.5190310341911,527.0428102701155,-677.4503123433144,1224.71795459923,-565.1887208195092,-309.2670556898176,306.1524815578039,157.67896251800875,-54.23562924611421,-186.10657036090896,-102.92586563428466
2019-03-05 13:21:45.062000,745.935295730861,-482.97175214842036,1694.0913807788693,1023.2835344672064,924.7730628840803,523.8043871119917,-669.4166414732802,1229.3753827962873,-572.9594541247106,-309.1150567798436,318.28514263179983,158.72762978865936,-48.0878946154784,-193.09387529333912,-98.12191585530462
2019-03-05 13:21:45.130000,747.1600728079458,-476.65437926462454,1692.3803613856987,1030.4263864897002,932.1829907014246,521.7905986062392,-663.0541552447943,1229.3399102281019,-578.5129928908821,-305.73192263580796,331.0880680126546,159.50836467643225,-41.299788592251076,-201.9920692078249,-92.53173193927705
2019-03-05 13:21:45.196000,748.2704240904073,-476.1322108160945,1693.9353187194138,1027.39440445137,933.743472782674,524.6998319794676,-665.8833950483827,1231.057050177417,-576.9505137093051,-306.77339754206554,330.2737166809578,160.3731103577826,-42.48075556141893,-200.12451970917965,-95.65368388208688
2019-03-05 13:21:45.264000,747.9359990939696,-474.0809190536548,1693.9594979768988,1032.494220888819,941.0433351128255,526.3942713309136,-664.4904693302803,1233.1778065764086,-578.4508266896379,-306.9460981186133,337.90145271398166,161.15994061855847,-39.01647151142312,-202.83717799091585,-91.88065045755823
2019-03-05 13:21:45.332000,750.1274604442966,-473.1115607026156,1699.4574569791728,1037.4628058099183,943.6888479329791,526.0376240780907,-664.2140243267024,1236.1358038084384,-580.3323731358211,-307.3297347856956,339.49081805612155,161.47801465053058,-37.02142655156605,-203.88292127586635,-89.08113296987584
2019-03-05 13:21:45.398000,750.6183815187754,-482.46490003020676,1705.5180316252804,1029.8035577441053,941.950979405368,527.0764742447167,-668.2097635963655,1233.5105329550227,-581.3352372307704,-302.3329641099891,323.5484332530401,163.43798137264807,-42.00351616824023,-206.56125827582372,-94.5753495485176
2019-03-05 13:21:45.465000,751.6939800635756,-477.55935172035896,1707.938975984302,1046.5873309496617,948.7779564333832,528.0458018031946,-663.9999799234428,1246.4692699363745,-587.457468868206,-309.69626501035185,342.45887776753125,164.740189109366,-36.67149533299634,-207.7285920516208,-85.36033434340777
2019-03-05 13:21:45.532000,751.5126484668625,-472.3732558890343,1715.2354402945095,1053.6252757547866,952.2583557994578,528.5059772782935,-664.956996922667,1257.1106669463272,-593.0098747847486,-312.3436810534906,347.20340357860465,166.9938745274745,-38.16589716631201,-208.01289583697013,-83.52972694179233
2019-03-05 13:21:45.600000,749.9162706093899,-468.78727564087325,1715.4384525422006,1061.9122811228012,957.4081643774047,527.382546261038,-659.381738912825,1261.7608638920854,-599.8068419644515,-311.371587337455,358.69762565822293,169.89648470345335,-34.63445522229402,-215.44736746691126,-77.20173966745755
2019-03-05 13:21:45.667000,744.6627242158139,-466.2019890586938,1715.7553024625645,1067.418608351909,959.0221856753544,527.7512970357926,-657.1769450846906,1267.8954350222887,-603.0973352089092,-312.68329286369686,364.9931408572695,172.51975465619316,-35.332372913892584,-215.40963037123277,-71.23158268043419
2019-03-05 13:21:45.734000,747.3872607598661,-464.7157068688823,1717.1106331491944,1070.4325557614113,956.1406322939288,529.8686927064148,-661.1391811841141,1272.747034470068,-603.0180093963311,-315.48420648008187,364.0570614738128,174.65524290770912,-40.67730871451613,-209.9307296303868,-69.15304719878947
2019-03-05 13:21:45.802000,751.1518945370675,-464.3448605638856,1725.388183842637,1073.438635412386,961.3930195185109,530.7813520612783,-662.586420283036,1278.3630015320339,-606.9876484528768,-312.3180807577029,360.7803845796082,177.24204506003645,-43.17261278080149,-212.85747458275,-69.50429624579746
2019-03-05 13:21:45.869000,752.3391021664419,-461.1747697842835,1735.2976401861908,1077.303524716567,963.008356475974,532.6907528465471,-667.6348666794382,1284.6232545187331,-611.6764902920684,-310.4772790227485,355.09503620370924,182.47710254275088,-51.7927748713,-213.73852550891644,-71.56762565653219
2019-03-05 13:21:45.936000,738.8078252011909,-462.93328192025257,1732.9681612615173,1075.192351928991,954.6558735376062,528.9505226139416,-667.8897492191403,1285.2522211552307,-612.9954754817179,-306.34240955640496,347.1627593951953,183.80606858067708,-55.40743854525836,-210.84543878454855,-71.41390427154666
2019-03-05 13:21:46.004000,737.6989930127241,-457.62012471124405,1727.234785995771,1079.4803702839556,956.6598931409336,531.474135163349,-666.5148361024594,1285.9682339354151,-609.8640027454344,-310.36386183704604,354.84211958515596,183.2219415102224,-55.719496670736746,-206.8951560014196,-69.47967302316783
2019-03-05 13:21:46.070000,738.2950445973692,-454.2922749736989,1731.0800029996772,1085.8790225434673,959.5445285392065,531.5200495222381,-665.8409008178473,1289.7979164151027,-612.0786446967771,-312.73938805993674,363.5899357605252,183.1336384808136,-51.338223631457524,-207.93919895748678,-64.51775445402524
2019-03-05 13:21:46.138000,737.3312514714756,-453.76069558515246,1729.129843978911,1092.1903187277624,964.3602307568663,530.3828401217472,-660.7640859235927,1291.5357770728663,-614.0246084906345,-314.8900117040459,373.355581912642,182.21756597032973,-44.646371395007556,-210.97984284137107,-59.96677421241638
2019-03-05 13:21:46.205000,736.3264144307992,-453.4902625902374,1733.3707921977932,1098.9109872214585,965.7705027996254,528.6529029438407,-657.2454978527946,1296.7575647397896,-617.2788049110865,-317.78796915414085,380.5253266832327,178.93456405293335,-37.337138190833954,-212.55154875418276,-51.16483815778286
2019-03-05 13:21:46.273000,734.5672336966849,-454.405632248484,1730.7301091361796,1095.2773427928298,964.745594391278,528.3637942679356,-657.0323677330437,1294.128429518163,-616.6559633976339,-314.51950903611737,376.7417217794304,179.68228281102228,-38.91732944878563,-212.92708400394326,-53.47754955656784
2019-03-05 13:21:46.340000,740.2981960966102,-449.99200579040917,1729.3759636337525,1092.3341684486347,966.2387108533466,529.7786329776206,-657.6094132264296,1292.3268683702831,-614.8171747109869,-315.5630430847432,382.1689287745924,179.53145942741685,-37.250656815865845,-213.170711603854,-53.20340043737241
2019-03-05 13:21:46.407000,739.1280444008454,-450.56218286718007,1727.9444285242048,1093.2965798154962,964.1218534819062,526.1411405389281,-656.0232171141278,1294.7018709210583,-616.547080571022,-316.4592221096434,381.61748536212156,178.2437798215334,-36.89934140577986,-213.83066519505303,-54.09630125786053
2019-03-05 13:21:46.474000,743.7591052113127,-451.95200449616476,1729.748749776326,1091.5648153973182,965.7503266921325,528.7305367363991,-657.3173011680935,1291.833770184814,-614.9768277309696,-316.2360585966926,378.0548538472604,177.69286286128613,-38.88903959684079,-213.62012420178354,-55.047756444572016
2019-03-05 13:21:46.542000,741.1199559364992,-449.47500847849955,1726.5902696620694,1091.584987594734,966.9281767089952,526.6667095035461,-653.910877730876,1291.5107575935206,-615.5449512521226,-316.36671592548345,383.52805838770706,177.9955605681872,-35.44655400025374,-215.27835517898285,-53.48453371647807
2019-03-05 13:21:46.609000,741.3084491893738,-449.0106454629806,1725.3245955063378,1090.7436574719914,966.0024594162469,526.1380097775808,-651.9431417529078,1292.1445347167087,-615.65942098757,-316.6472626246518,385.6029838219319,177.52922304533317,-33.34518946961674,-214.29120593807488,-51.80413544046681
2019-03-05 13:21:46.676000,740.9291401133668,-450.0992225491967,1726.5841633393875,1094.6851431757739,965.478530643327,526.5987851812902,-653.2147773586302,1291.411536680727,-615.3780488633034,-317.5833334551224,385.4849651808072,176.7253303979237,-33.40911846330114,-213.97060537164026,-52.25497508536348
2019-03-05 13:21:46.742000,733.5168846010941,-448.80059297530687,1727.6014669481413,1100.2221309192262,965.5649188779201,523.6695976494701,-650.905329555805,1291.8814791385246,-616.388296012406,-318.35284484423363,387.6849852910456,173.91328339411962,-30.08934253155736,-215.20716363905086,-52.3841485537615
2019-03-05 13:21:46.809000,731.1632016643174,-450.5800939444474,1724.773829315794,1100.4508938951844,963.9919109564721,524.6540179928077,-650.1141716861732,1293.0702472647529,-615.3704204229555,-319.59405005823925,387.3704362622008,173.89910044569734,-31.232551682505772,-213.47176380090616,-52.944851641915605
2019-03-05 13:21:46.877000,741.574159864825,-452.7236890214411,1721.5170617158315,1091.8029955946517,962.3446386758555,529.3106415800182,-655.3574905051,1286.1151847977333,-609.6372112535876,-317.63117341951823,380.97370923655916,174.34087079169774,-35.40496125636255,-209.86670594368724,-58.37002371758603
2019-03-05 13:21:46.944000,754.1291542551493,-450.765330484616,1728.6687583171808,1092.5295290643487,966.0038143411487,532.6153703262055,-659.6462258082463,1285.0500142957362,-608.496536033105,-317.28670318570704,380.7266444195143,174.97635647729584,-36.918808538251064,-211.47561370105046,-60.911402698990386
2019-03-05 13:21:47.011000,753.0291941043816,-457.1791681951976,1733.2320534595626,1084.50956430968,965.1808051634605,531.5068245100535,-660.7006701332286,1281.9506558341534,-608.8885399890971,-312.84282879404043,369.6336081422398,176.14793267847074,-37.655713387715906,-213.0796669756428,-64.30737112835212
2019-03-05 13:21:47.078000,752.19515687869,-454.7647982272676,1731.0226195977489,1082.2708426282702,964.3546336265285,532.0355668965027,-661.0960811042493,1279.1952580482662,-606.9627634832856,-312.2505903833819,371.1419161037413,174.9114416921907,-38.15329288821913,-212.99865846704853,-64.34874524875622
2019-03-05 13:21:47.145000,755.2951378560077,-456.6754772814579,1730.4101168877455,1086.2342267301935,966.255313538701,532.434373932498,-661.1933634837186,1280.1310862785028,-607.4170897012052,-314.2568361315493,371.68797924466384,176.20454063812866,-38.46960580849788,-212.72472330657223,-63.68200396600547
2019-03-05 13:21:47.214000,754.9275543238449,-455.71458787197827,1726.5133022667378,1087.295721204462,965.5839259571088,532.2808105269531,-659.7588961467476,1280.71482358031,-607.4485648823356,-315.4986022640347,376.3689333860749,175.55258069078664,-36.926451115659376,-212.00204588736244,-61.124695957638245
2019-03-05 13:21:47.280000,753.1050780167901,-453.8401136113257,1723.8342176721574,1086.8819762851845,967.574443253743,533.2223336471159,-656.6446202597233,1279.5001071981394,-606.6131335619872,-315.2309721992255,379.0608432457283,174.9345062680704,-34.35489003801636,-212.31225729053142,-61.00141878300083
2019-03-05 13:21:47.347000,756.2405411345063,-454.59341059750466,1726.6417913132373,1087.511059437459,967.9311269466568,534.1020880582433,-656.5314935225615,1282.532286086988,-608.2343801911688,-316.32485649242983,379.9576590242255,176.01264904240418,-35.543316030348,-212.7582146868366,-60.88189536061922
2019-03-05 13:21:47.414000,754.534633100077,-453.256418792106,1724.6386980134312,1088.9879085286034,965.7595620257782,532.4882209660632,-656.6699167675505,1280.7277572923967,-607.4777017574689,-316.6576883777311,382.35103688289473,175.08328298087486,-34.09671705848872,-212.28096603516678,-59.686405454387966
2019-03-05 13:21:47.481000,753.7590097353685,-454.2045932644697,1723.942912797742,1086.7469715421505,967.456745449823,533.4275806514071,-657.8949925428731,1281.2908773332508,-607.0069558153333,-315.85104882533176,379.3399500372594,175.54053079957194,-35.6000833987587,-212.30879379675974,-61.918196319436305
2019-03-05 13:21:47.549000,754.4242508298136,-452.7749272702765,1723.826087201639,1088.131962982548,967.9436050756786,531.9547347036296,-656.0994780522856,1283.9833800389624,-608.9178816795284,-317.049300271964,381.5708649937392,175.05308108275003,-34.409538396180466,-212.6248719329073,-59.4681913360814
2019-03-05 13:21:47.616000,750.1980992559953,-452.75378855048194,1723.8702715970658,1089.9094069225935,965.9119925481693,530.2178366625507,-655.5798494289361,1282.0539890431796,-609.3639914341813,-316.3765021044884,381.1759495530804,175.08909948540636,-34.34137386471211,-213.06056328271092,-60.71048966360614
2019-03-05 13:21:47.683000,747.7753910097989,-452.5134360109505,1723.6137386032765,1091.9837099106192,965.663318627701,527.8814807597015,-653.5147950412685,1283.0962683592213,-611.6702477089724,-315.76991667721154,383.24028093060167,175.3435190732093,-33.806333695965485,-216.04842924626536,-59.9156916649937
2019-03-05 13:21:47.751000,746.0507509411435,-450.2459024480488,1722.7916368167944,1094.6267662056052,965.0039923537175,525.4165010094733,-650.3569594259952,1285.2509106585378,-613.966563307427,-317.0960371858043,386.6635504426269,174.47907511230835,-32.07852723466569,-217.18099352188904,-58.09352910744188
2019-03-05 13:21:47.819000,740.5748315417928,-445.30956333218546,1718.6120010818331,1098.1237495685023,968.3970435220813,522.3931474265225,-645.6622815394387,1287.065858326991,-615.6367665633228,-318.1051461668144,395.51083654648744,174.10412470634074,-28.203817738787492,-219.03677131487729,-57.29285682049282
2019-03-05 13:21:47.885000,733.138850208952,-442.87855035530504,1716.7784484068159,1097.8467438306025,964.3754101219561,519.6801671794718,-645.0461094718228,1283.9613906166114,-612.0101343975746,-320.3950782492655,396.12382941247375,170.35187216509723,-25.622437933871364,-215.8565393235972,-62.02201128861397
2019-03-05 13:21:47.952000,731.4230131465055,-438.40976530171315,1710.7203080909417,1097.4363281438675,966.3532542090322,517.773308548173,-641.7250975487465,1282.887474756997,-612.4130045166638,-320.1188094793351,402.1081174620809,168.92478135330776,-22.588400261166488,-217.66579667742099,-61.189754489279736
2019-03-05 13:21:48.019000,733.442622298982,-443.9825157519926,1709.7467431550835,1091.862365490769,954.0428444774344,518.9573286117522,-647.4255661048496,1275.3740175149137,-602.6166077210188,-323.74560629028554,390.65457293057034,165.8376869411605,-29.17070017741259,-207.06538410762192,-66.76275485834549
2019-03-05 13:21:48.087000,733.4530135800277,-450.5054376962393,1712.4274979380118,1076.827378900578,949.4216273546381,515.598470752758,-654.8283290901156,1265.534035444356,-599.8856361455418,-313.6919918477524,367.89010005621293,164.02742219036992,-37.488232057089064,-211.18346146735678,-69.95282658430655
2019-03-05 13:21:48.154000,737.9270088095603,-451.68321077645834,1712.2240984570326,1066.1257714272078,947.6139084431021,514.7324900841674,-658.9559110579015,1256.3990711449746,-596.0014838653753,-307.5415198797603,356.26192772755945,161.90222479018595,-41.61248783451981,-214.25443151575485,-73.50372427733869
2019-03-05 13:21:48.221000,740.562779666216,-454.405143254316,1716.3651193498931,1068.0815700411397,946.2395671294107,514.1618934076913,-660.4223332503643,1255.0688645798568,-594.2076841511067,-310.30299718458906,355.66492743844583,160.6666246976084,-39.45931069609747,-211.64452744619837,-76.8633479298258
2019-03-05 13:21:48.289000,742.2024004588865,-465.9714019855487,1716.7232428789155,1053.1361414018058,939.6601031939268,519.5279313920686,-668.8805484743303,1247.709421222699,-584.6941294066906,-308.5565445566372,333.91145711071124,159.54153009261807,-46.063219172269996,-203.76384059149933,-88.86719807086078
2019-03-05 13:21:48.356000,745.9112149681861,-469.8155214967082,1720.3759116737615,1046.792286415037,932.0318757938522,522.2408575252234,-675.8170382260527,1244.6793884345232,-581.8328345560274,-308.4259721565366,318.85546400720546,160.91554039458646,-60.35135393670659,-200.22454442779951,-90.10927935557041
2019-03-05 13:21:48.424000,755.9020867524356,-483.071217736289,1729.151822993161,1031.1448714726089,916.689722467213,524.4366504741394,-697.0046108773395,1237.2644269556647,-571.369348857769,-302.8775512586885,282.77199921525437,156.90236040319505,-79.6391419511001,-191.93564463643241,-91.34122836480657
2019-03-05 13:21:48.490000,755.5190732284781,-518.762494283374,1746.271133199705,983.3572864291094,896.3486954437537,528.6360671497351,-728.4148691148212,1217.0176132810216,-563.074893785648,-277.23571690671326,194.32130159354466,164.07665924268537,-116.79419916046626,-188.6151485899224,-121.92767976270763
2019-03-05 13:21:48.558000,767.4350002953303,-525.7062479971129,1753.7589774849187,981.0674686157056,897.4510908527132,532.6321106290596,-731.3307457347681,1213.1012255410374,-561.9523103010986,-275.564883765359,188.48926473049383,164.09845974889615,-116.68951207513945,-190.1546356164307,-123.1582148398871
2019-03-05 13:21:48.624000,770.3740183442575,-523.48845969529,1749.8822322370922,975.5842076677241,899.1609809318284,533.3546960247252,-731.9903099459692,1208.7455610481588,-559.7373821366352,-273.38186919160177,188.35715792465552,163.95349648815755,-115.43930983467692,-190.29717986078083,-126.72276274789512
2019-03-05 13:21:48.693000,766.8284531388825,-521.8463852433592,1743.3945761784762,970.0315387076233,898.553050662502,531.5834793322423,-728.696363797109,1205.6590575429627,-558.6638945043458,-273.39959079458197,189.92372434207618,163.09225553785436,-112.49187305862478,-189.7459264861397,-128.1142371112663
2019-03-05 13:21:48.760000,769.8180782953524,-523.2969910872494,1743.7794229495498,970.8032749339762,900.2561413218973,533.2204755713352,-727.3658232331088,1207.0362548608184,-559.0844483279635,-275.25035577935296,191.9407925052566,164.2619637814524,-110.98804036723959,-188.80024240057583,-131.17342372258824
2019-03-05 13:21:48.827000,772.6154060158188,-518.7446777715637,1739.0668860165013,974.3445181197744,903.0085008208644,529.4016916114766,-723.1099950641928,1204.2192697239932,-559.7874909462585,-274.4377383389247,203.23973563293995,160.89422555858474,-104.0295161879186,-194.73047815650972,-121.27132233015972
2019-03-05 13:21:48.894000,772.9398125400259,-515.9515067118749,1738.5096898231188,972.951109996576,902.7539657549048,528.4309118488013,-722.5615415180242,1203.2033867847072,-559.8281746063425,-273.5038761107146,205.33409518729002,160.37133246342498,-103.32967888652787,-195.90036675164765,-119.11056616603294
2019-03-05 13:21:48.961000,774.3075944018063,-517.8099331073407,1734.6735202408975,969.16300396343,900.222467388092,529.5785112937264,-721.9372356324037,1200.5823035375797,-558.4791840391435,-273.6194399724458,203.48843864150672,160.75903976339023,-103.63357030475454,-194.6853479183273,-122.72494837361104
2019-03-05 13:21:49.029000,776.8183696083805,-516.7881905463892,1734.8221876656057,967.5254183377867,901.0493558166595,530.3178220468036,-723.118605218117,1199.3572283481997,-558.3378300004823,-273.1086095131228,203.04204982022867,161.46870374710466,-104.91194867745043,-195.4322353497252,-122.62559713672196
2019-03-05 13:21:49.096000,773.8060568882253,-518.0421799662248,1734.2703815667026,967.53338530448,900.3699940956101,530.9658408058625,-722.507510189925,1200.243418825116,-557.5779032779352,-274.67124770173155,200.32283705435646,161.62129733603197,-105.2776017684921,-192.30553334015173,-125.91323008704445
2019-03-05 13:21:49.163000,774.7371203136205,-518.3075411435237,1737.04611568556,965.9921788059731,900.5077435910839,532.5100843046199,-724.0044710058904,1198.9820950200747,-557.2440173989596,-272.6637461977925,198.4152527203633,163.84416074313378,-107.46611752355196,-192.9337699934573,-126.9060671611896
2019-03-05 13:21:49.231000,771.5623755318294,-518.1408098411275,1734.6099993264195,965.428668058479,898.8499429829826,532.440685190428,-721.6766784608355,1197.8882643014463,-555.7486379136174,-273.4464496016301,199.62761616100778,161.20375813902416,-105.99884957131482,-192.04250889920127,-127.33690000720748
2019-03-05 13:21:49.298000,773.4394975040017,-520.1617955294175,1736.989410310319,968.1645555843446,901.0954888010656,533.3113506372431,-722.1349004166692,1199.8966271241184,-556.8515079656457,-274.62994672257196,200.77626098794406,163.24466928689844,-105.01865979798788,-191.58511168736726,-126.17167510529191
2019-03-05 13:21:49.365000,777.6785434511181,-520.8829598992285,1737.3748818458928,968.0893468308936,901.0438741775569,534.8902024051573,-723.4425202674158,1200.4197456054485,-557.1199732782454,-273.66357044181643,200.12755378399106,162.7539497982827,-107.3049924454998,-192.7430893091646,-124.87496915997045
2019-03-05 13:21:49.432000,777.6785434511181,-520.8829598992285,1737.3748818458928,968.0893468308936,901.0438741775569,534.8902024051573,-723.4425202674158,1200.4197456054485,-557.1199732782454,-273.66357044181643,200.12755378399106,162.7539497982827,-107.3049924454998,-192.7430893091646,-124.87496915997045
2019-03-05 13:21:49.498000,777.2687145036867,-512.5463019774496,1733.1704251267536,979.8026217702039,906.5447690662056,537.8241359691247,-720.0781543815514,1206.7345197691468,-555.9958078671065,-282.7446232238453,219.185021601767,162.76731900887387,-101.87046078658355,-187.68668692798434,-121.32104169489044
2019-03-05 13:21:49.566000,773.9328313799084,-495.5658053104927,1727.2565722925117,998.0752073138576,912.6059447447519,537.7528243142957,-712.1677834225377,1213.5467141873744,-555.5422498224284,-292.6610140468764,250.14155837430494,159.59486503635904,-93.58634327744178,-185.71345425916167,-107.89219006501015
2019-03-05 13:21:49.633000,771.2377090634942,-495.9109393917265,1727.3479184540074,1006.8924466711337,912.0117231527013,540.5325801074032,-708.6085794479853,1218.5332184943375,-554.4486468189507,-301.14163283013744,258.550540347828,160.96384358396355,-89.79225579968406,-176.96669237280116,-109.54838027381355
2019-03-05 13:21:49.700000,772.2518319066763,-495.5369354678171,1727.4659733005094,1006.4101700965098,908.7859406319444,537.3766430962769,-710.3405476508889,1216.9702661048195,-555.5368942728,-297.51832537948087,254.48659238263153,158.79859921419828,-93.25812955795277,-180.8807199396723,-106.94656343892696
2019-03-05 13:21:49.768000,775.5508045083355,-492.6149161955585,1725.9378385387024,1007.0298785989856,906.6253279994825,536.1684274056809,-711.357274217647,1216.7509143320294,-555.5609372803112,-296.90322553389507,256.96097732792975,156.26407572792436,-94.85086582831008,-182.33325245166742,-98.69789855795787
2019-03-05 13:21:49.835000,772.9836213036434,-489.4732936631442,1721.3249479579329,1008.4596745441535,905.6021795734462,534.1733892444335,-707.4751734402178,1213.512570424451,-554.0717277545714,-298.2754015375693,262.6589729802124,155.45563305543496,-93.1941747158451,-182.42078556646692,-94.17425675138401
2019-03-05 13:21:49.902000,777.8833044053821,-494.15281132529987,1723.319504474168,1007.1059239595226,907.0636126801581,534.884167916896,-705.9766391019496,1214.053256289409,-556.0944429755825,-296.8715841796238,261.1080544828136,154.9111402554783,-89.48469453987279,-184.33190743474256,-94.68622774000691
2019-03-05 13:21:49.969000,778.1852197738316,-494.0313046764664,1726.0410914533868,1013.3542403947981,912.3420377312254,537.170521787237,-697.7240425429158,1218.8977300401455,-560.9184141535347,-300.1536553028826,271.19939257505797,157.565225853969,-81.9525056721036,-185.03916324673014,-97.2755855937863
2019-03-05 13:21:50.037000,781.2338324147178,-481.3954788573293,1723.220329148339,1032.9836080127104,926.1628377160016,533.3303119511506,-683.9495469742193,1226.8595985133484,-572.6324785277637,-301.21031859392264,303.3816929133019,158.8842214545282,-67.03524880745304,-197.50622156164928,-86.959253927253
2019-03-05 13:21:50.103000,776.9407586040571,-475.92021544221683,1720.852579245753,1043.7406701342409,927.967390867749,527.1341928556596,-673.9046993209757,1228.5912385756726,-577.5107411308854,-303.203016422516,320.1489245010164,157.14235069862158,-58.121723509542804,-202.93144860340055,-78.04843609795805
2019-03-05 13:21:50.170000,773.5496124858549,-475.35282715170774,1721.253809951006,1057.3037786951245,932.4107426911306,527.7335818710859,-669.5773025935908,1239.0079762221899,-582.8403537786652,-308.852171221961,332.10656346632504,157.0593824904917,-53.55394132944193,-203.28223536791836,-71.09837659086797
2019-03-05 13:21:50.238000,770.8466191985543,-468.5042560056716,1712.1755088961124,1071.0292286463878,940.3740494519417,527.0822707396119,-655.7655683522999,1248.6429233829335,-589.2528292760026,-314.7328817478283,358.59811104813673,156.69996542992558,-41.870508201161634,-206.62556499484475,-54.29697772483034
2019-03-05 13:21:50.305000,771.1810575179114,-462.8286276246699,1711.2141173558423,1086.0988598840972,941.2073709472988,524.0938353592551,-649.6924821235144,1255.2559816181142,-592.4080788963631,-322.26922604021524,379.7681837192041,153.45471208905965,-33.16173218530099,-205.38926633033765,-40.62882553263324
2019-03-05 13:21:50.373000,776.6649708115964,-461.2923100048241,1715.103153453368,1094.5100645193177,944.9478446429167,526.2818116082623,-648.7971557271751,1261.1745836249129,-594.0621001658046,-326.4968186044953,387.99532680758574,153.3933323156085,-30.497742736928338,-206.0105850300796,-35.499515790341356
2019-03-05 13:21:50.439000,781.3932132783528,-460.1847947189273,1719.6956005068228,1094.7931244913643,950.3621605896617,525.3422458595451,-646.9295866489066,1264.6880117169082,-601.5869255215747,-322.1032555022592,390.74992000328746,157.66263178052034,-28.55344022191663,-214.08674857640233,-34.70517279295035
2019-03-05 13:21:50.507000,783.0436584446935,-460.1341089636796,1727.3400159848063,1093.5282450472794,949.3985471221014,529.3520577850492,-655.9545303382225,1269.8646426599983,-601.6981985404225,-320.3170830061221,382.22532689155975,159.5789771158694,-36.36166601987693,-210.77749042510442,-37.313213024127464
2019-03-05 13:21:50.575000,783.8277554975795,-457.26208705009896,1726.5608661662015,1097.7397983914507,952.301357003735,530.0941030564131,-653.2110754044128,1272.365561352935,-603.0766286415485,-322.17205424356456,389.5547377057562,160.60503849548894,-32.546350592926615,-210.82178186971652,-35.62115206157809
2019-03-05 13:21:50.642000,779.0726112134802,-449.7466504897064,1727.0529658398016,1108.557772558276,955.2862818950879,526.8825434394175,-647.2301757605815,1277.4402421036114,-608.2404988438632,-325.20277496735815,405.14457884846547,159.27596976877714,-26.406223225781552,-214.81675551691848,-28.13302384229367
2019-03-05 13:21:50.708000,777.4051763560616,-451.8036353379927,1726.3934107723264,1105.4536632751995,953.6267164922373,523.6459346570605,-645.1124106460281,1276.7609493890177,-610.8758718231093,-322.24663796941775,399.4507133571514,161.89608023968452,-30.149296528172428,-218.40840014353887,-28.287954564827643
2019-03-05 13:21:50.775000,775.6564792795233,-446.64985247313894,1724.464821436958,1111.743890233751,956.5772885850823,522.7644136931706,-641.2465470007579,1280.5292437623111,-613.8959699755278,-324.9014287095768,410.5570725870877,162.71532464146836,-25.954907987144413,-219.55864859554998,-24.325584559142683
2019-03-05 13:21:50.844000,771.0954380495497,-444.7634387242135,1722.602042922214,1116.2709762408622,961.7880652140618,521.3854181772873,-636.8742721491727,1285.6488070843357,-618.5623119189041,-325.2930184800078,420.5792088786297,162.65623992515796,-20.088529898045895,-222.99800806839608,-18.697266904306275
2019-03-05 13:21:50.910000,772.5696943270274,-442.1043333790992,1721.2141380372173,1121.462720798017,959.0973954230321,523.6256863850482,-636.9572310531353,1287.787005672845,-616.6794427512826,-329.5131136720091,427.9245957809024,161.74121142257735,-20.98972644403877,-218.86570777149097,-12.580528084693448
2019-03-05 13:21:50.977000,776.7681366264652,-442.86299468212115,1724.6289239565754,1123.2945064240396,959.8452154848602,524.2583157853709,-638.1320133487586,1287.9963975641137,-617.4447605610472,-330.4718600700803,428.7344080451137,161.66249227848132,-20.17025241633103,-219.50132105061851,-12.234464107452954
2019-03-05 13:21:51.044000,774.6812140937315,-441.9642647736161,1720.8717718358423,1118.638813702341,957.8784150945585,525.4456423592985,-641.5332706332046,1285.433872037441,-613.9321958829598,-329.3300958904606,421.6716791607794,163.2271773120332,-26.777271761211615,-216.83057195544217,-17.504133744291007
2019-03-05 13:21:51.112000,757.4395905823136,-439.69737839969287,1719.361140559939,1123.3485957149246,953.0386045401184,517.8328100024139,-637.58736691135,1292.3393691489327,-617.8752100510492,-331.7441415707099,424.66731670237164,161.1548916179646,-23.796570214748524,-215.77910617043034,-16.279984257211066
2019-03-05 13:21:51.180000,746.2273427977092,-440.4559012086355,1714.3208305350831,1129.1562318433967,951.6488374390585,512.6938348420682,-631.7945863692596,1289.914650920634,-618.0057882814456,-331.9486816880745,427.3745399059001,158.22494846948848,-19.685248611579404,-216.3119752433969,-15.634267963987888
2019-03-05 13:21:51.247000,744.5545385788479,-436.63412565101083,1706.3595466124132,1134.4687817495383,948.8879525798378,507.92061852646736,-626.6714650109847,1292.5829682259998,-619.3468534726909,-336.4410669684855,438.297370611057,156.24236238848275,-14.862920381939514,-215.45530978562937,-11.540579936542748
2019-03-05 13:21:51.313000,750.9833514316352,-440.92191518969713,1708.4722700283648,1121.9697517175287,949.223648634045,510.1973336352629,-630.1485040360939,1286.342155550859,-617.4180666893793,-331.0189511403575,426.55275641035996,157.01329803387793,-18.39421870708195,-218.63217006625973,-19.04895364567216
2019-03-05 13:21:51.382000,757.3796973480975,-447.18696980032365,1715.099162607154,1115.4315090221635,950.2415468044946,513.9413939429924,-634.6111126172983,1281.1761842908888,-615.6574679378333,-326.4065157376362,414.109142517436,158.30281034977477,-22.088964067577905,-219.72113717199176,-23.82109200733736
2019-03-05 13:21:51.449000,763.1555414433075,-445.4066839566247,1710.8007586755243,1113.4473231435225,948.5186290737531,518.1597560314143,-638.1560276884884,1276.8076819774542,-608.7199716062622,-329.1605707505504,414.32658348766506,157.08211078803666,-24.153791837789996,-213.21206461399896,-25.42703955794005
2019-03-05 13:21:51.516000,761.9645100913314,-446.3852531382063,1708.671330056909,1105.4361087891207,944.3193474471407,514.2217988382205,-637.8294395406006,1269.6923615000871,-605.3077983650873,-326.8363097559634,406.942071667424,155.00228849120106,-25.75329934939554,-214.55178508703688,-29.32893036452284
2019-03-05 13:21:51.583000,766.3758862892183,-457.93958672060563,1709.5882818096443,1091.2280321112764,940.5939026610781,518.9819672397737,-647.1552826088131,1261.8917560096568,-599.2128761886073,-322.7198537335965,385.420372366349,156.05063961416863,-33.61228692725696,-211.09585720679365,-37.237526744691436
2019-03-05 13:21:51.651000,768.4137209806742,-457.92658360930415,1709.6277606142617,1089.511455726426,938.8188042215481,519.717188758619,-649.28201024899,1257.0438867913788,-594.8437624751635,-323.76154792800446,383.2819839169135,154.50350705046822,-33.95411769852902,-207.50401471371214,-38.39651246152851
2019-03-05 13:21:51.718000,772.9252955834885,-471.81489561760463,1721.014232384379,1073.614949979954,931.5876293197337,522.343287069392,-662.2021374665567,1251.3111015175427,-591.270994994983,-315.8573297286686,351.0900747462111,157.65957371934107,-48.39083292715561,-206.05204239177755,-47.89255933635235
2019-03-05 13:21:51.785000,775.3300641049487,-470.1271375463346,1723.9289927912791,1062.2603132942857,927.2687217658945,519.256573879905,-670.0797420522803,1247.3820941026074,-590.3834868290052,-308.2819318904835,337.5396971887646,154.70261508645436,-56.3302434240623,-210.30389931435093,-50.07641893658638
2019-03-05 13:21:51.852000,774.8627464153282,-474.9065322638841,1723.8381406570331,1057.0709595277551,925.8574983497512,524.9191608277278,-674.5728916902232,1243.8612136858437,-583.3462116798951,-313.2230551930813,331.85010552000585,158.15073729520591,-58.688436036025195,-199.30123636822458,-57.91609937192706
2019-03-05 13:21:51.920000,759.7781978475122,-505.2023747377006,1735.3310887400066,1026.3633706037458,899.855924047519,518.5977090189762,-693.2193321593899,1234.0983929902252,-575.5167007550654,-303.4228672536865,266.6105853123608,158.10371867173626,-79.62493126964682,-187.58565768537272,-84.23329081461968
2019-03-05 13:21:51.987000,765.9132903092269,-505.0774426452716,1731.7215102947607,1019.2603949338056,888.5279554965563,523.4276580427578,-705.1454907657525,1230.858351902979,-566.2721237926434,-306.23646104024056,253.67664272713182,155.45030180329064,-95.3670758303673,-175.83641225679338,-89.72516071036834
2019-03-05 13:21:52.054000,765.7974376236738,-523.8422789493146,1743.7154523832082,983.363998710665,882.1471269845829,516.8639518901541,-720.5733235750865,1212.136517470999,-567.0206634224861,-280.1982312938939,199.13128977024783,159.43115679338925,-110.21459177303174,-191.0294856042923,-116.00524651752649
2019-03-05 13:21:52.120000,772.3835931752725,-526.6844227810425,1742.6845999958527,971.340233335988,890.828401214016,527.251600575666,-726.3261413606594,1210.2017757904546,-561.9968135770741,-278.8398489960611,193.37473764422126,162.85138445796153,-108.63646719472948,-185.94642792325976,-133.65946478953703
2019-03-05 13:21:52.187000,776.9185561908479,-525.5841046892177,1740.1367779939692,967.7067873839644,898.2635407143963,531.0692228236376,-721.0135111676175,1207.394363698951,-562.0740678707908,-277.89049500065096,200.08091865877,169.47574765319015,-102.31279491508161,-186.38159832865284,-141.19660164733244
2019-03-05 13:21:52.255000,775.0017906542654,-527.664262959759,1735.733791076969,967.0091738259608,897.7904297928817,533.3009869669678,-717.4173386323106,1203.237605656556,-558.9683672007377,-280.8858027295723,203.28310681227063,168.56598792773994,-97.40413918506479,-182.8981609962692,-145.0053223970006
2019-03-05 13:21:52.323000,770.2696349737076,-521.2762173425303,1734.6646137031582,965.5499095392136,892.9773179926109,525.4524394989581,-724.9129298286465,1196.6098549792555,-557.9160496785146,-272.5687821512511,192.47298213570332,163.63757366497268,-108.24530899123752,-191.09527336684283,-141.04275699177924
2019-03-05 13:21:52.389000,768.034548654906,-519.4536146583832,1730.7188017617798,966.4488870536433,891.2353520763922,524.6618391631378,-722.9853940650714,1192.938311340073,-556.0561300034916,-273.8880495119826,199.45589645925634,162.33034631851476,-106.09130429759543,-191.13592602126874,-134.3348696768996
2019-03-05 13:21:52.457000,768.8978221970202,-518.9914328433229,1732.9967133720822,967.6693026115561,890.7372011816278,523.7269828801856,-722.8997481667496,1196.634600103225,-558.0890997593676,-274.2186020604215,199.4636517303698,160.46728850024297,-104.770590087133,-191.56232573842988,-130.74773707850272
2019-03-05 13:21:52.524000,772.2320384685646,-514.3331088688541,1732.8339874925084,972.0881900597302,894.9458048988325,523.0701800877548,-724.2445357003642,1191.949082810304,-556.6852372684159,-270.49749224347215,203.97862071462464,158.1599027080503,-106.18967169199121,-198.50517604087491,-123.48498229607941
2019-03-05 13:21:52.591000,773.5621894421914,-516.2045687746926,1728.9352382274135,968.3425503249339,894.3471935768235,525.812001918942,-721.009957844423,1189.5829357863763,-555.6595458093105,-271.45687301286534,205.92171106310852,157.90911526981193,-104.145796622293,-196.02173015664795,-119.71280773330045
2019-03-05 13:21:52.658000,783.2934480905202,-532.5656193048187,1733.2402663020778,970.8466798933196,896.1276800663811,539.1146782001152,-712.3565283835355,1198.2296666965078,-555.7114622629553,-284.4250565725275,209.5162649958867,164.63706774353045,-94.5151223245432,-181.33407380778704,-125.59418858361354
2019-03-05 13:21:52.725000,784.5298864288685,-511.0384499993844,1722.9453679393666,1006.1019375985662,904.0410733316247,541.594558457259,-701.5144800571031,1214.8376617068216,-556.3279645360002,-304.4986273441233,260.6710875424443,160.9280666342973,-82.49424817995342,-173.5751288423043,-104.15065169976724
2019-03-05 13:21:52.792000,784.27923857144,-504.4755483095817,1721.4788792309728,1014.2192552693242,912.133927595955,540.8782520322067,-695.3297683330522,1219.51087607059,-560.9677704978922,-305.67643199601054,275.90669543028747,161.29852467126292,-75.76316548003665,-178.42181292602965,-98.32258335808919
2019-03-05 13:21:52.860000,783.5188098850946,-492.52216272191845,1720.31333107604,1026.9253215112378,924.3280410563477,538.0459692809077,-683.0800708868942,1225.7790796291588,-569.427955088444,-305.33886946661033,299.09843745271127,163.4620149138478,-65.07657672790012,-188.93278679469938,-93.07305846945007
2019-03-05 13:21:52.927000,778.1687733177406,-537.8842852630335,1743.8241747581112,975.8706034938535,898.1994404896305,540.7731215096538,-719.8518736543735,1209.0400683616099,-557.3754180005316,-287.75815238271514,200.31507966605412,165.09794151471547,-98.48244662701732,-176.65046678687446,-126.17431158294794
2019-03-05 13:21:52.994000,780.0316111505616,-489.93069790875586,1727.2569907968461,1035.2974598886562,935.1485383181606,535.9355203131496,-679.4931075596377,1231.4138757632418,-578.1528442828627,-303.18158827044243,308.1974399940791,165.2686981894205,-58.06635644579124,-197.9415626247739,-85.98991439355598
2019-03-05 13:21:53.061000,785.034659491471,-491.07718907976613,1728.0202545459447,1043.753984111081,937.7392067537488,540.1597406738473,-678.5885569808114,1238.2604749783106,-581.1510121303685,-306.2993581651563,317.19775584237567,168.23479829890556,-57.281479917291506,-197.37666023308424,-76.82778313972277
2019-03-05 13:21:53.129000,785.0598399828904,-488.0787428287281,1729.7131731712777,1052.9169308845921,937.9031431046337,540.0958747594276,-675.0033167877068,1244.7680948773077,-584.7388535480743,-309.5259130160492,326.9269228702019,166.28311128984558,-54.29031311879092,-198.98739818094913,-68.8809898571867
2019-03-05 13:21:53.197000,787.4892450186936,-489.73507825512445,1733.8176931744722,1051.7465289702147,940.9930285370849,540.6900997896792,-676.0855615039591,1247.9924465144143,-588.896278816869,-307.648269432308,322.76157038966863,171.35932932166827,-56.98242800237982,-201.7687911678953,-69.66464181957473
2019-03-05 13:21:53.263000,792.8449147235834,-488.86320139171096,1737.702008883237,1053.3663761248386,942.9185917720062,540.4202199237018,-676.5791283773875,1255.0941318125076,-593.3893673246018,-307.59915825412804,324.12035852078475,174.0183001040431,-59.65821711369516,-203.51637733062842,-65.97989367455693
2019-03-05 13:21:53.331000,796.6505883023293,-493.24120827599023,1744.5931107999245,1058.6244028556362,945.8038299155342,545.7257535287099,-680.8562160340205,1260.1490625081135,-594.2838449010023,-308.61262195127665,323.85872455849824,175.6238321755911,-59.60798228506856,-202.2340133877584,-61.38795653087056
2019-03-05 13:21:53.397000,800.7378793362519,-488.4729956176248,1751.6788415872338,1054.07792255557,944.9033371719547,544.0395981159147,-692.6146985880048,1262.2770377737543,-595.6879153502061,-299.1818769949545,313.18873230888477,174.05729904736904,-69.9381550073551,-208.5009248322412,-56.49118875399865
2019-03-05 13:21:53.464000,802.7323354812776,-486.7650501896792,1755.849506477725,1056.4457307225948,949.2089959954941,543.1682889425176,-694.3132192098482,1266.6937641534716,-600.2954521973352,-296.99206677158224,313.7397904512071,176.63474288166623,-70.63023865465358,-213.20725870857,-55.61011152904664
2019-03-05 13:21:53.533000,807.863506579061,-489.42159833629177,1761.3769026723228,1054.6446707054163,954.1820612679719,546.3389728918853,-694.8402566547551,1273.1795492735455,-603.6428901649028,-298.68927693096725,313.61663643952784,182.62863171224163,-69.08931920689187,-211.46550109124786,-59.166642196833756
2019-03-05 13:21:53.600000,808.1133820939307,-492.72597344499724,1759.9721730459216,1052.3401034481992,951.8439532142831,549.19788334459,-692.9176193498183,1273.2079682294398,-602.2546210138255,-301.03137402801286,313.18964891686625,185.18501127684706,-68.05753935662761,-207.04941032947562,-64.5197978398036
2019-03-05 13:21:53.666000,807.9115792436447,-483.4322915745594,1761.8281039076337,1058.4130687566985,953.2921747300359,542.5811220637279,-693.501729584108,1274.6922214649155,-606.680670668631,-295.21040362448355,319.9481771391919,180.2777065690643,-68.99649209607043,-218.29441904976255,-50.00917577037616
2019-03-05 13:21:53.734000,808.3759628807005,-481.68405491200275,1762.8878314233568,1061.9816811185874,953.3575717443914,542.0502411083444,-692.6673739807022,1273.6184047736936,-608.8864340315758,-294.6981004161817,324.3541660023381,181.9265353408663,-68.23358447346756,-221.22896640590062,-45.676409369723196
2019-03-05 13:21:53.801000,803.6964392786621,-480.2800153059148,1762.087375837535,1064.5533498318787,957.4299256675005,540.4478670069683,-689.9428716180263,1276.3593967761526,-611.3388187754058,-293.2753925842921,327.14704366564143,182.6784330624199,-65.44033176460547,-223.23336171497846,-45.92796603834129
2019-03-05 13:21:53.869000,799.3246772058343,-476.9452449082879,1758.3424633386007,1066.9445718460452,958.8487225283748,540.2403237804762,-687.0893400881162,1277.215973371548,-610.4369123134142,-294.9371954950855,330.75629544876807,181.44474739169334,-63.69152185726507,-223.27306399059557,-49.09028800229452
2019-03-05 13:21:53.936000,794.5941096574885,-472.08477965329774,1753.9733505964932,1071.7999159036074,957.3134952878783,537.1116522485133,-684.2581718442635,1278.8500789659927,-611.0367896200261,-298.6191104149572,340.0819119926028,180.68853138036502,-60.243672585468964,-221.2380154262636,-44.47384441394193
2019-03-05 13:21:54.003000,793.1434330304859,-465.872635334091,1753.0383425835819,1076.1607541527683,957.0556832925603,536.5509273216564,-683.4550411713873,1278.670562047195,-611.2905348503735,-299.86916272601417,348.3494222013087,178.43205681788805,-59.01030450489223,-222.66405296847427,-38.46000865117395
2019-03-05 13:21:54.070000,788.9831711162743,-462.3064229667947,1747.7096022859605,1073.089003927276,954.5661890938612,533.3200629083907,-679.070994243278,1273.2767698367381,-609.4870030432172,-300.21392201960856,352.7986340512015,177.71748311809708,-55.582749422537454,-221.96436456479893,-39.08785879284988
2019-03-05 13:21:54.138000,778.8989591587614,-457.6336355762746,1745.6842526595722,1076.2158235258814,951.7687829167171,527.4286603124501,-676.7353984354687,1272.2761274322932,-610.5511048169354,-301.2754889285956,354.78457614422206,173.57919775052136,-53.65637124459277,-222.7454998179365,-39.841620040177055
2019-03-05 13:21:54.205000,776.4142686654817,-460.7567978605741,1746.2835010697322,1076.675859950116,949.5596681495919,524.7079794893374,-673.7001620371486,1266.6255465519419,-610.2971587940292,-298.26344686687634,351.86489574821974,172.5645677661414,-52.75556078010695,-226.1801048297022,-39.40557154084706
2019-03-05 13:21:54.272000,777.8926578169556,-460.1022568540119,1743.17082908144,1078.5248946530253,946.6480864036963,524.8585711833471,-673.0770376071216,1266.4983514471357,-607.3579015136951,-304.3099020816762,357.50991520637405,169.86888611282598,-50.48879868018276,-221.5895653308193,-37.88955350490548
2019-03-05 13:21:54.339000,786.5303455259697,-478.05231290657963,1744.7224440107727,1063.8867968190707,941.0242614045125,534.7215454700209,-676.4226109745725,1261.8138739833637,-599.4331275217362,-308.03570147551176,337.53902878193793,175.58884550781562,-53.835544122805366,-205.4415587297181,-53.62686860521632
2019-03-05 13:21:54.406000,789.0289520767886,-482.12382130469655,1742.458721593956,1053.972989931804,937.4374565333037,537.2381316088654,-683.9067246289086,1259.9997610394585,-593.7353184579732,-307.47163999230884,326.5034632207426,172.98858482193143,-59.053110568950046,-200.93667198620903,-59.61553222145375
2019-03-05 13:21:54.474000,789.6970244956691,-487.8647993525825,1743.7968579338494,1042.7058234610893,931.8885047874957,540.3854830727677,-692.5293171415491,1254.1296730416148,-586.5553336388905,-305.9640565535086,307.59981532665023,174.6555912866739,-69.48482487301256,-194.67676934094925,-69.2073217689179
2019-03-05 13:21:54.541000,793.8032142009764,-505.4535107200591,1750.32446108568,1018.4185606280016,918.8129065123021,547.6463645044316,-712.217375989253,1239.0286824239313,-573.9841220163621,-300.38752151455395,269.0541637978327,175.22900797822118,-86.04495898555737,-184.03544360826072,-86.61928510870948
2019-03-05 13:21:54.608000,791.6895228020636,-536.8753814644539,1765.0531532883153,982.5681406178161,903.5746406568603,545.2565790793941,-729.344702633754,1226.2927022080537,-570.9604817996246,-283.90656730378936,203.97605075736476,181.8553066432472,-107.6030958264202,-183.0664545545509,-107.2445091574584
2019-03-05 13:21:54.675000,792.6800879386784,-540.5312820207429,1768.527674201761,980.7271183552161,898.0899253467469,547.1339629190736,-732.9762549524382,1228.9203700200433,-571.3087751297174,-284.1104587820005,195.65273187540822,180.82183723212646,-113.34606953052977,-180.56581288121492,-106.19361915685447
2019-03-05 13:21:54.743000,800.4443769208216,-533.3298032369012,1772.3152081400551,980.3289415589182,896.337049186525,545.3745445570437,-741.2921043063093,1220.066655665961,-569.0556019734393,-275.9340530796534,194.09163947291322,176.84204252602308,-119.25804121932583,-189.49138371931065,-96.0758339819535
2019-03-05 13:21:54.809000,806.972267350635,-541.8659005495063,1772.7755629039377,976.3312031185889,894.8834802213863,550.8419782691013,-737.7026275406698,1224.8411166167834,-568.5477152470376,-281.7472088712366,191.37547446166138,180.10014977029505,-115.89616913609996,-180.4436345479054,-104.24116196664943
2019-03-05 13:21:54.877000,806.0151540227474,-543.0248711429098,1770.4018981515399,966.753809712661,896.5089343214203,553.4952625548352,-743.3758385303325,1224.0122193904047,-566.6037317197911,-278.0114161573921,180.54632062820318,183.23404788757256,-123.4362061341441,-178.53595502509194,-117.94104491999916
2019-03-05 13:21:54.943000,805.8200718499678,-541.4913604657772,1766.7670843193334,964.9683368624766,900.25328887732,553.3567644304188,-742.507389834857,1224.4802985287176,-567.4944301944017,-276.5783875945352,182.92024792923377,184.11423236909286,-121.65530292006346,-180.30474413665172,-118.12675183616692
2019-03-05 13:21:55.011000,805.9048234084645,-540.0744210029843,1768.9978559461051,970.9687035755315,901.7095120730407,553.7302447100916,-741.388949642134,1221.7489377115376,-567.4908687569371,-277.28396021129964,188.0820997697521,182.31901225102752,-117.97707514776744,-182.02612670702098,-115.73461325285925
2019-03-05 13:21:55.078000,807.5018628303216,-543.245143280381,1767.3227091895628,971.6936051450243,899.6243293666272,554.8751112249995,-738.2176229196226,1222.8966473679207,-567.1296329282204,-279.67926111313477,188.33290917983297,181.3407930446585,-119.09733724628282,-180.99574929821324,-112.95051209295185
2019-03-05 13:21:55.146000,811.9390934805944,-545.1989143798028,1770.9513851432093,975.6560449760459,905.1399024689802,558.7452998696828,-737.891678607105,1226.5712708415497,-567.7042678562707,-281.2665307564896,192.27833390220852,181.67403598117602,-115.75377206113308,-181.12965322914948,-109.55017201677597
2019-03-05 13:21:55.217000,812.313334927691,-547.6617856344081,1773.3794958550804,978.4385764734066,905.4172878186833,560.8337495184811,-737.8833397885145,1225.6321933313313,-567.2057590813176,-283.1047465281919,193.87939532926174,183.77121428382208,-114.82505397117026,-179.57547894706397,-110.2349712781369
2019-03-05 13:21:55.283000,814.9736236887401,-544.5405390433001,1772.5119895937462,979.7417830452081,908.6747613671579,558.9044813374761,-736.6271901378018,1227.778336655234,-568.9790485123293,-283.52746030687604,198.13659916496695,180.95056181528017,-109.59720610801887,-181.99097833440715,-106.19969607906614
2019-03-05 13:21:55.350000,813.9807436017228,-546.5246549938458,1772.4241720634868,981.1059137772834,905.9881921779113,559.0334987839602,-735.6004970903659,1230.4765016417948,-569.7056469815117,-284.05568831520674,198.29165404580127,180.95123304304343,-110.9179780661843,-181.27536667410624,-102.5519449797509
2019-03-05 13:21:55.417000,817.0973223447055,-545.7736471506325,1775.890274005778,983.6660435033876,911.1355674947478,563.9972506203537,-736.4187683258683,1223.986150041965,-566.6379298261865,-283.19470550010004,202.31636986438127,182.93932042409924,-107.85111698036701,-181.74615839874474,-103.17887542387183
2019-03-05 13:21:55.485000,816.806533346576,-547.9856410075926,1777.2795320059217,987.362678112802,911.554503750132,565.9008694527969,-735.8816903712254,1219.9294595548977,-565.4377303973617,-283.7832199374706,206.4933625287271,183.91073091277303,-106.5690953870249,-182.22685282442177,-101.38990197262375
2019-03-05 13:21:55.553000,819.4703347743292,-546.1664709648473,1778.8294315913665,986.7113606128977,913.999364501943,565.9703777721456,-734.950681570331,1221.4056159873658,-566.9208034498214,-283.4374613701614,207.52818522114407,182.9762646113238,-105.48605301678717,-184.82764094393724,-100.05213368299209
2019-03-05 13:21:55.619000,821.3638309718527,-514.7516020037741,1764.104283570414,1022.0426406250324,928.5001717597736,570.2388613347395,-718.7125451054198,1229.8446373561005,-566.2566356092477,-300.5342965154408,271.0042959705721,180.94692821391104,-88.3105734393133,-182.80395504652722,-80.3255351081581
2019-03-05 13:21:55.686000,823.896697760899,-503.0794411314757,1763.1720113086085,1037.6106877109587,941.5825355478244,564.5822595151718,-703.6452358592675,1239.8859004881554,-580.3331227848392,-299.95802546776673,300.6265482235728,181.96378160867692,-73.19667291081817,-197.72524931577016,-68.92594857977885
2019-03-05 13:21:55.753000,822.8163916212312,-501.74061500231926,1760.1036463322275,1043.0166697620386,945.9469294911257,566.2019950108485,-703.2424454655503,1243.0039933534104,-580.000838778396,-303.77057299350906,306.73362518043916,183.44410053515702,-70.30463420240807,-194.08151209103005,-70.12645802550209
2019-03-05 13:21:55.821000,825.5584790218783,-498.10512888899234,1762.8552430565126,1050.1242621017393,952.7195518740058,566.070751871036,-699.9475970953466,1251.7461838583272,-586.6712927628371,-304.1032089362865,316.4890070505665,182.1887834123504,-66.38982066401596,-200.56473822020791,-64.42169138560726
2019-03-05 13:21:55.888000,827.3304461731012,-496.4572961692001,1761.1009788014842,1058.6343894544646,954.7644621720283,564.3751281269322,-692.892084216502,1254.0192072404395,-589.807160502094,-308.00061050888615,331.0713824228035,184.28864948436126,-58.78560423602284,-200.67309021908085,-57.08461741533079
2019-03-05 13:21:55.955000,827.5630609177723,-492.3328908759247,1759.2891174664167,1066.3315750819638,959.4516234988351,561.8211143386851,-685.9233437327807,1258.8396591395237,-596.0513255489988,-305.47460930223394,341.24627335536127,182.4329945720701,-52.878837583678894,-209.386389676654,-49.72047847104695
2019-03-05 13:21:56.023000,827.0794861064363,-480.71734936583476,1750.3442508098815,1075.9832895779173,965.6292527351001,557.1146854444116,-673.8407448353184,1262.1614397962403,-600.5329381389258,-312.07422873845184,365.1924002274123,178.6867224856889,-41.44233391722787,-212.63113056992069,-45.62211044086259
2019-03-05 13:21:56.089000,821.7834974393382,-467.83540547385934,1735.1186579958712,1091.6844236402062,964.2495900118438,556.5831847795062,-663.7554311062768,1263.4207006528165,-595.404711339882,-326.2966605880964,398.7148739221042,173.84225347194635,-30.713274660969063,-203.75126146348754,-37.74894878112285
2019-03-05 13:21:56.158000,817.9410315522965,-460.78227061480175,1728.3122138653969,1111.7054022751154,968.2442729844473,552.2608586705628,-652.0681876437455,1267.4886941161408,-599.3586626991356,-333.7475936314461,423.88649332240834,168.44042449603603,-18.938563800816848,-207.81786205866717,-26.29161265079106
2019-03-05 13:21:56.224000,810.570463183181,-452.2571035066684,1720.181692570461,1126.8195906940348,968.5712334801451,547.0904453979442,-642.25212343263,1271.8622482915184,-602.7147110113791,-340.0715923297614,447.4652680913103,166.61981360382285,-9.832936189487647,-208.40914647065915,-16.234176604115497
2019-03-05 13:21:56.291000,799.3285400348287,-453.461673062028,1723.2293286938843,1133.7455278719922,967.7334812364959,540.8012712477417,-635.4076152503094,1266.9243223000208,-607.9560123796973,-335.8054587315333,452.0763013598748,166.65550990815734,-2.48896725211398,-216.19959710282706,-14.35361618441802
2019-03-05 13:21:56.358000,793.2458355458549,-447.3513266111541,1719.9236751800993,1138.1122823610808,968.0989133267989,535.223972477828,-632.7271955263506,1278.8271230407847,-612.4530855426001,-339.5533555576284,457.17585412472977,162.5485302850103,-0.746855566896464,-216.65827122847907,-9.881887232235293
2019-03-05 13:21:56.427000,785.2440669070328,-445.68183898092735,1719.0295629713637,1139.5276750462608,964.8186821351459,529.683236614061,-627.9434645413522,1282.6959204143789,-614.657825180388,-342.20330236913264,458.5923688196384,161.3915347768655,0.5364851548103218,-215.50883864523797,-10.734843411862904
2019-03-05 13:21:56.494000,783.7565897444798,-447.3716029702957,1714.9544291683312,1135.1453113778407,967.5630554651227,527.308241015808,-626.433608813723,1281.1668935099624,-615.9719514116869,-338.2383575499232,455.1963522720843,160.51073948222833,3.1186236232402536,-219.4542700877688,-14.375020701430437
2019-03-05 13:21:56.561000,787.2259988166558,-449.2941073842351,1716.3141149655273,1124.7348618187673,962.6681925821453,530.3755548657446,-635.6239493507148,1273.7505439371305,-608.0609291898621,-335.1801387372986,441.424753505822,162.4405178250919,-5.015920955216835,-213.54097630006612,-19.64325586399874
2019-03-05 13:21:56.628000,792.7939955943372,-458.264911984255,1723.212758468304,1113.8786712681576,956.7695091941,534.1092148190828,-644.4687110666104,1266.2193194471536,-604.1128331373671,-329.6584013220654,419.8540556340262,164.68341276932566,-16.08946803804032,-212.09721434767147,-25.254154105640588
2019-03-05 13:21:56.694000,794.5627925321568,-465.5018822749145,1727.8492089090016,1099.5970399193254,956.0930646380284,537.192273518351,-653.668056469618,1265.0041656616563,-600.787687404884,-324.62552552646474,396.30379662115126,167.0267865292891,-26.451610884008698,-209.23587730301216,-35.61150526605138
2019-03-05 13:21:56.763000,793.7616404188847,-469.00737108728526,1724.660908139173,1091.8367651834114,952.6801601059138,534.2679507117847,-653.1819450738587,1262.4015451821328,-600.1790076142939,-322.71916436859937,389.1293579003931,166.67836698871105,-28.464601077865268,-210.1125059475633,-39.031956113822346
2019-03-05 13:21:56.830000,791.8348444604302,-468.68489928565054,1728.4790618058405,1081.5357723514603,949.5760195989204,534.1939466189486,-658.3391667770218,1256.84536766235,-599.3133669992696,-316.5834058814189,377.3380752922423,167.90196334213917,-32.52608559443657,-210.79398110455128,-48.62854988594316
2019-03-05 13:21:56.897000,792.9099148188321,-470.321582072435,1729.9391267685348,1075.4566753569056,945.6922475682803,533.0440769128453,-663.5961097607138,1257.2352217600617,-595.551428724162,-316.05066669108766,367.25102838321004,164.61327585115703,-36.797175652928836,-207.82636920491535,-48.52263972708692
2019-03-05 13:21:56.969000,798.1941273208203,-473.4944707691899,1728.6630255590017,1071.6514856445742,940.7182615257093,533.0551304723031,-664.4341529229315,1248.3302327891947,-593.5540105284024,-314.3031333289574,364.4515082394016,166.0540067756681,-38.56103166006601,-208.0200946027237,-48.695133099085766
2019-03-05 13:21:57.031000,803.657439595839,-492.6905496676946,1731.3973991085086,1041.3097215018543,920.3988495238482,541.6024058311011,-689.6537649994306,1237.2981744571011,-574.3797953307574,-312.99215033863754,313.7650032783092,166.1331939860871,-66.85379263789666,-186.0304766194311,-63.9972382231832
2019-03-05 13:21:57.099000,819.9195114851101,-499.3043958377956,1736.6838759747097,1028.747925304942,917.188435869228,547.0750028068503,-698.701311380651,1230.5672183247966,-570.0614068927613,-307.6722714470688,297.0327877037436,168.19832603548238,-76.06681016367565,-186.25484315460938,-68.84081987769005
2019-03-05 13:21:57.166000,822.071118767026,-539.8454838661573,1756.177481097447,978.7564484013369,898.6788862724648,548.8942495043154,-727.8873252817798,1208.5249580672462,-562.9786733803465,-282.52661621360903,208.7703039894412,174.07148181554373,-105.75916456071465,-184.9075411903171,-99.65131755031403
2019-03-05 13:21:57.233000,833.068206789496,-538.882655659474,1746.4198811910128,968.5253109736553,899.320902773758,545.2971083446263,-728.5527583496728,1217.0319521418774,-569.0079384484035,-280.711241902359,210.29954724413656,176.95893286714346,-106.10810768962526,-187.82360278196745,-105.3917893748663
2019-03-05 13:21:57.299000,818.0629904882977,-537.2241656280897,1745.7986705394528,971.2158135047936,897.8878752804654,541.8588453100137,-727.6817920440612,1218.118288353448,-568.900657760906,-279.8201872884142,206.09768809032272,175.25485664136173,-106.32153295352015,-186.6946299993973,-113.737455096062
2019-03-05 13:21:57.367000,803.1420220235885,-536.0504508620838,1745.9037337048999,969.8065647689998,895.4565295990911,539.9316837736006,-727.8177937878776,1213.4769227212262,-564.1891695232977,-278.15063331800303,197.88123977986535,173.38867587375793,-109.70702942807344,-183.98172138227505,-120.25705675227385
2019-03-05 13:21:57.434000,802.7724485166935,-534.7518903616375,1745.6911827546278,967.2014365940357,896.5032125950341,541.2942129865531,-727.9491661685436,1210.2092194994711,-562.8456110195073,-277.17127912655,197.88494067874092,173.55828142730613,-108.90966387010354,-184.55874623494373,-123.26832737187604
2019-03-05 13:21:57.502000,800.7343008361728,-534.7897532504163,1741.3746285733398,965.1026103180843,896.8155079890458,540.5765134081727,-724.4296249473423,1211.7074064255378,-563.4011092607351,-278.7607280740996,201.16882928336912,173.8492655080145,-105.53341384308956,-184.86621160787217,-121.88869115944405
2019-03-05 13:21:57.569000,801.9159796013752,-535.5320281094948,1743.0481756369895,967.327484122764,895.2621274733327,540.7251859399252,-725.9572053321376,1211.933206394364,-563.1803860833338,-278.81024415138967,199.29342185047528,172.94188564473092,-108.85882578057436,-183.73345898559506,-116.9961088396059
2019-03-05 13:21:57.635000,805.6670570512023,-536.9373208786305,1746.9636557405797,971.9828904808104,895.7410710333045,541.7826971832113,-725.4853261462796,1213.4902079503051,-564.5032931243727,-280.23414492021834,202.51913412359525,172.15542662441266,-107.1736266017092,-184.7874788785345,-110.25534850211469
2019-03-05 13:21:57.704000,808.4025956128554,-540.6147182693431,1746.983822562725,974.94289507949,895.1862550561663,544.1916048136086,-722.8033414006072,1213.415453394269,-564.1456741799036,-283.75064992342897,204.89698386070475,171.7127699540192,-105.40964116901748,-183.50330760094596,-106.70181539636621
2019-03-05 13:21:57.771000,810.4438360119517,-528.1578525234407,1740.5674626667578,987.0974837402752,899.6723783614054,545.950193214981,-717.2373325949568,1219.6445264910408,-564.7991581352796,-291.04977542201595,229.99903808004404,171.2734530847488,-99.51766035801586,-181.52165937623886,-94.87189039789322
2019-03-05 13:21:57.837000,812.8253125824268,-517.0016181102966,1736.5143615457346,1004.446677665222,904.2608867771905,550.2251125275523,-713.2754487109497,1226.3137554858731,-563.6760821347419,-303.3166369241158,257.39380671892275,170.43051099926308,-91.7629590713181,-174.14802032680677,-86.15591921845962
2019-03-05 13:21:57.904000,813.5104414322738,-517.3199018248508,1738.6229264797034,1004.8026519612597,905.5117704297934,550.7258095569166,-711.9034493210131,1224.595990359324,-564.1494019299563,-301.7791749789237,259.00399457228036,171.36733708756913,-91.06469649990376,-176.07306147173637,-82.8250769578249
2019-03-05 13:21:57.972000,808.2570818482328,-514.2573423959515,1743.722915752005,1011.4591281325906,912.4037193125386,547.3720735814941,-706.2971824818397,1227.441722750692,-572.1415723496556,-296.5590625375151,263.53469430347735,172.43716121351898,-85.19140904147969,-186.2724114608995,-83.08572743772169
2019-03-05 13:21:58.038000,809.9205512314223,-500.6759812242507,1738.4222030306398,1023.6076890163883,922.4447115714563,545.8266839661845,-697.7328318301745,1235.7377452468836,-577.9892033121614,-300.226778138439,288.7530740606609,171.77498370831995,-77.12607892411206,-192.27254858337284,-74.59516474458303
2019-03-05 13:21:58.106000,807.694673863021,-499.6192426432868,1734.9083680688866,1026.3613579134262,925.6006276679378,547.1700239174528,-694.7319181122044,1235.5141099188447,-578.5541590239155,-301.4343077607214,294.5311225452555,172.72151064544227,-73.49421315364944,-193.10755352968545,-74.65712585387197
2019-03-05 13:21:58.173000,807.284681618646,-494.46598421304583,1732.857132765152,1029.572071813557,928.8449451989853,545.0991468837352,-691.108854027819,1239.8620214706905,-580.9091657955612,-302.4038923723683,303.0625664354337,173.7507774064386,-71.2953221755491,-194.99641934953365,-71.60710904898227
2019-03-05 13:21:58.240000,811.0095557554154,-487.87623933220743,1730.6857224980913,1040.4106255993056,935.529411208558,544.5286960078954,-683.1838157502955,1240.804028062868,-584.7489032414943,-305.16767831777776,324.8301183885752,173.3799388895469,-60.819091494147585,-200.65675361209315,-65.62474260988586
2019-03-05 13:21:58.307000,810.6630229365745,-487.5950164244437,1726.7985323824196,1052.4341266132005,942.0499683809597,544.0320714621018,-676.5446769448695,1246.0973301593724,-586.1183151346565,-311.3479796403768,339.4025466052286,170.01464450404913,-50.91499536591959,-200.76639664536282,-58.52316797198822
2019-03-05 13:21:58.375000,810.6150187468817,-481.8648994505638,1720.2801184922246,1067.030309503271,948.3058238173622,543.0308717088285,-664.9589558572998,1256.1974102228598,-593.5047058428381,-317.41127773777134,363.6639991471226,168.9394564073975,-39.79504438355891,-203.88655809350314,-48.0384479022062
2019-03-05 13:21:58.442000,814.7832947065134,-467.3502512201793,1718.3254426273486,1084.5737054465626,956.0695204825784,542.9586981722082,-654.2922672435885,1263.5297355477114,-598.4871694228455,-324.82965798670887,394.8001774530105,167.55383915647775,-27.886815468054152,-207.19194743356093,-37.26638703102392
2019-03-05 13:21:58.509000,813.3093232163695,-465.8626050822562,1720.4663344948892,1090.2149560260189,958.2042524294739,544.138573943091,-655.9357482122865,1268.202398815915,-599.5661281888205,-326.6234025132199,398.7973432046859,168.38499232399235,-26.989790688551707,-205.69850155556094,-37.28964820340816
2019-03-05 13:21:58.577000,810.0730692262879,-464.6493682963715,1726.432775550144,1099.5983010690334,962.5727251145755,540.287939719612,-651.9653839619649,1272.5617259562719,-606.3379281491245,-325.04731869371676,402.23379527715815,169.42721716327452,-23.83047255140353,-212.6993320733801,-36.317756461079355
2019-03-05 13:21:58.643000,805.1598173132176,-458.02011700269355,1723.5059681419355,1109.8620288636573,964.66103241233,534.6588456106695,-642.3267329213313,1277.4822738329972,-612.2943301434789,-328.3697411935282,420.35911725237975,167.07414916537238,-15.622111529253385,-217.494664317709,-28.2768260834047
2019-03-05 13:21:58.711000,800.4824343552849,-449.0324605019847,1716.4231498450977,1120.0046333090563,967.5584121751306,530.9332196414651,-632.7486327711705,1283.264087854571,-616.7203744615626,-334.0841631983413,442.3459634038924,164.8285036399774,-6.170198633330266,-219.55071849162732,-19.811308734898827
2019-03-05 13:21:58.778000,801.3969045377495,-444.85327631787527,1708.6114744599527,1126.1303635312645,968.0626346823192,531.4159330471831,-629.1130105259131,1284.0979670148947,-613.1699888625311,-340.8886520902981,456.76063199209347,160.56506699531218,0.5341372279752079,-214.7550659216675,-10.82846088820785
2019-03-05 13:21:58.847000,801.8849940658937,-442.7730435757526,1711.0465031629556,1129.2147722271382,971.0361929279647,529.7832396637396,-625.422035730816,1288.1516760548543,-617.9140590533735,-340.65183428760656,462.0900716122773,160.92011639065376,3.6130834532954097,-218.97690676333406,-4.8567675613767705
2019-03-05 13:21:58.913000,804.1167180738986,-442.67484822823167,1711.1594896977601,1133.5238922907695,975.4529669715808,529.5521001751868,-623.0668404804464,1287.8530383165453,-620.279086663277,-340.2821721518976,469.327940708302,161.73449358475816,8.228386214587857,-223.7309642018705,-3.357944913212748
2019-03-05 13:21:58.981000,801.4247105791557,-439.22733146919154,1711.331714958463,1131.250280080278,976.724842770162,527.9105698277657,-621.4293648101992,1289.6874097337977,-623.4523807896778,-338.00718906979665,470.38698119966955,163.53109616672918,8.373025262937873,-225.84321535907202,-3.7729281448392413
2019-03-05 13:21:59.048000,802.3350196862845,-435.67170923079027,1705.3211399074844,1139.9927186100563,976.633362334494,528.6810286091296,-617.9960814615356,1292.564833468209,-621.6380886717036,-345.08830175916574,483.05701629998464,160.4974166027166,11.548798825782086,-222.42970951013632,0.7734484813284936
2019-03-05 13:21:59.115000,801.4718644111907,-430.76111429513776,1705.302038348086,1145.6900448565775,978.5318426126443,530.1457507950131,-617.899443525721,1294.0624838001675,-621.190074932693,-346.8574729724147,489.61851884425073,160.8701279317563,11.713205927711513,-221.38920224943564,3.0644247999672487
2019-03-05 13:21:59.183000,805.3494144153716,-427.95231663902257,1703.0836912836646,1148.4541494700948,984.2281464411285,529.0693820836332,-612.5164136250527,1295.8537580359769,-625.1005960726479,-347.0870780576971,500.446725615209,161.73156898018212,18.21374347846384,-226.1536893896652,6.143198280406679
2019-03-05 13:21:59.250000,802.1595015473346,-426.1230284031607,1704.0073430407076,1146.6284401450012,980.1881618628588,528.8357359938062,-614.894293577305,1294.9040890867868,-623.612728746811,-345.49576976089884,493.72667123396553,163.92334955766609,11.57970466912738,-224.1861862588105,2.0715440083464642
2019-03-05 13:21:59.317000,802.0331824235863,-427.722078643239,1705.938029494203,1145.50422471734,979.4205277654775,527.5478873800728,-612.8275007721415,1296.844510486622,-627.2727194424452,-344.54631425286163,494.18314963147407,164.02424368823614,12.72204582520866,-227.28301545300616,3.424183710773498
2019-03-05 13:21:59.384000,796.2910449652105,-425.19898492984197,1704.3090801793662,1149.9788085621115,980.5901998541586,524.9780754356138,-609.1218781595949,1297.3571449998744,-628.1582016037028,-345.8254524218175,498.56114814077995,162.61088212263343,16.817041303161496,-228.41931106180573,3.595123258744394
2019-03-05 13:21:59.451000,799.8240988243427,-424.713394443808,1701.4259088915508,1146.9238431766037,980.2795663669641,526.019304747025,-611.0323757214679,1296.0609783789391,-626.7389587772841,-345.7405433170744,498.9986113746872,162.8911649162287,15.30131335902184,-227.7096722898491,3.5427142630347817
2019-03-05 13:21:59.518000,800.5117467431731,-425.9993650681553,1703.213903012384,1145.849114604316,980.5617211516742,526.4673854985917,-610.8228734539083,1297.3735303474216,-627.8054992864217,-345.6369221528935,498.284751109131,163.3422972196713,15.733844168677074,-228.39016726949365,2.05657644911269
2019-03-05 13:21:59.586000,801.0116254083524,-427.0525251886985,1702.1100127613265,1146.9521251561712,981.6142438787816,528.1398829606052,-612.0048273448393,1296.8086006606316,-627.3078060637918,-344.8187097633189,497.67076487779735,162.9996365859561,14.695796670582745,-228.19725892276284,2.7342474014931213
2019-03-05 13:21:59.653000,798.2230857126191,-425.16446143505357,1703.2456502793764,1144.6774850046736,979.3634408546895,528.2262658097992,-613.3214936517289,1295.8523381316938,-625.5641201680787,-345.1464270641222,496.3253527636247,164.11989750266062,13.229866006939737,-225.64911809953702,1.0132835198832666
2019-03-05 13:21:59.719000,794.1172646565277,-423.9890497178463,1698.1101380212099,1148.4067398903865,979.3194142175669,521.6307688348681,-609.879595139743,1295.5250119517584,-627.0865433899927,-345.22874239104,499.8583920525483,162.1070059042643,16.642060712605158,-228.42226778850988,3.4857126224617403
2019-03-05 13:21:59.787000,793.5945258767289,-422.5577848273801,1699.350113997782,1146.4741521097912,978.9111164606581,522.6204014696806,-610.4033178084684,1293.9122563351195,-626.7294779340983,-344.59016654171654,499.6196268914155,163.1122247512955,16.914071112215886,-228.1901954861704,1.27207771404467
2019-03-05 13:21:59.864000,796.340805625472,-423.98697183146874,1701.2187247501088,1145.7290805284038,976.4042082377194,524.733757080395,-611.8440008334287,1294.7243347912467,-625.3165183470957,-344.9361609310977,496.88105576427444,161.73976055529954,14.51359355915109,-226.1210404082525,3.023621285390689
2019-03-05 13:21:59.922000,798.444778639389,-425.6213315418238,1702.6734548171178,1146.4265580998604,975.5801036618288,525.6998753696516,-614.8834924046565,1292.699581675042,-623.7427657659916,-345.5765120348192,494.21318540548117,162.2425307969574,12.203783552016652,-224.1094242930422,1.5529766818601232
2019-03-05 13:21:59.988000,798.222678465207,-427.34752195474215,1701.966964650163,1140.9316589314149,972.6523652960942,526.9127501492654,-618.5810030258821,1288.2795496044828,-619.2400501408969,-345.3734669398582,486.72944602165677,161.24616458269895,8.794158780490577,-220.87245977841962,-2.5711174148701517
2019-03-05 13:22:00.055000,798.2064517667399,-432.4440375313322,1701.1058667872987,1132.5472682358616,965.9345932668634,526.5853067367223,-623.7359883648047,1285.2950166877658,-614.5625504808935,-344.83745652762025,473.16973267658113,160.15403704411887,3.7017939705999083,-215.48772262353936,-5.940342246910831
2019-03-05 13:22:00.122000,796.388970038037,-441.26445452953953,1705.421554918866,1122.8310484753779,966.0340153500862,524.0245057678756,-626.4477305386866,1278.4316991069095,-615.4807659289535,-335.54927024909915,454.27485567529493,162.98634722731524,-0.29252722374372553,-221.51557981285686,-13.672262396548643
2019-03-05 13:22:00.190000,799.7502777789256,-450.44261350397386,1711.9517103717737,1113.8031129852177,964.9074201946644,524.2295895016458,-629.9225554506573,1272.6110049798908,-616.5065239738443,-328.6218218245329,439.25164328801935,164.9816433643184,-3.3388893200058334,-226.53641117751823,-19.37468332174759
2019-03-05 13:22:00.258000,798.0631486362521,-461.18888193443723,1718.6626514251834,1095.4360010696694,952.5153131312627,529.1105181864034,-645.1374266181817,1267.8868156721326,-606.4761089065919,-326.78600242793095,406.3378055354351,166.28655948645462,-20.000319132463396,-213.75793349676763,-30.802082235985615
2019-03-05 13:22:00.324000,799.5421030440212,-468.9805286335182,1717.7923568207134,1088.0592939278304,950.4890783028623,529.4996818907143,-649.0751842963122,1262.541147628207,-604.2554659236928,-321.8652413934485,393.5856962497464,165.79749285220396,-24.11651831114298,-214.979888280306,-34.05518817650722
2019-03-05 13:22:00.392000,803.9960091309675,-480.789501973984,1726.8607787382184,1072.868040743623,942.749278328953,535.3317140075397,-664.9882590803932,1261.7201975927676,-597.3122842547608,-319.92095188067543,362.0770995071859,167.78948936296803,-41.305609984327674,-204.71267702066802,-44.20321405275604
2019-03-05 13:22:00.459000,809.0592559955675,-485.938979833181,1733.6664495966952,1066.5038099561625,938.9712969789416,539.1106354922326,-672.4520336553737,1259.7038614447235,-595.0391440154276,-318.2631795825299,348.85872678393713,170.0985219041438,-49.17344587122484,-201.8448842266656,-47.63649482561593
2019-03-05 13:22:00.526000,802.8634514018619,-499.87092417539225,1737.2258928897288,1040.2004660711732,921.8085018174286,540.067820942084,-688.7789335590841,1248.165745432082,-583.3426880018445,-310.9496421447658,306.2650698070565,170.0891503990701,-68.5571064436661,-190.79013671974099,-62.1207398512428
2019-03-05 13:22:00.593000,812.4168919477798,-529.0698413364939,1755.3604065682523,1008.6215535903813,902.0781587638764,544.9217664769405,-713.0233665375832,1233.7127771245227,-575.2374316561973,-299.78376283896137,246.45525991506233,171.76636553399638,-92.39483035348313,-183.8055296483601,-78.7347405664087
2019-03-05 13:22:00.662000,812.1993532102221,-542.6034977754792,1765.4264529477512,985.4836914000941,894.0772119294642,545.4199353651439,-729.9747024637428,1228.2489460234374,-573.3296481162921,-286.5629154256585,203.9704921243214,176.75205975901963,-111.1535901018195,-183.1819966668694,-97.96792537129154
2019-03-05 13:22:00.729000,812.359329091909,-540.5680071250587,1762.0841138689852,982.629681832901,897.6978721874509,545.394925142739,-729.7296914747343,1227.3395366325174,-572.5233798927841,-285.16827193403617,204.96817449060327,176.94211170233783,-109.68508717929342,-184.88580548232852,-102.87620074576931
2019-03-05 13:22:00.795000,806.8759441057981,-540.3473600202608,1757.7412807725045,978.6078969928249,896.204356512459,542.2223307326366,-727.4271086015432,1228.8615830617168,-572.6594878539445,-285.06097307670905,202.41459999367788,176.9543828787786,-112.07744596034135,-184.29013869472476,-104.93833731084604
2019-03-05 13:22:00.862000,802.5540934655095,-541.2453193461656,1755.1522414231247,977.3622663090507,892.2665042921254,541.7689086185179,-727.8218199625229,1223.9159000580012,-570.5920876606225,-283.4628601123555,200.6013364922281,178.8920502270259,-113.91350956065352,-182.18119092464485,-106.75568472360526
2019-03-05 13:22:00.930000,797.9701098770894,-539.3492107086446,1753.4416300960797,976.6878095349567,893.7035122231788,540.8982790950023,-726.4947196059666,1225.257456865367,-571.1846091606479,-284.0939404821195,200.52606759912135,176.75967817031545,-112.06418487154096,-182.4977459123666,-106.31950263866247
2019-03-05 13:22:00.997000,800.2859355579518,-539.5387158501492,1755.7239285496785,977.651145735559,893.2494216331537,541.2326404375837,-727.8342446028137,1225.753303911758,-571.0618659619965,-284.19659834645705,200.37979941384174,176.06100023454349,-112.23237029265027,-182.69858639984193,-104.14379181832493
2019-03-05 13:22:01.065000,799.7309013037383,-539.3984539552828,1755.7936127046232,978.3686766149339,894.66382251198,542.069183203929,-725.948004372797,1222.3424963270875,-570.0846489592686,-284.1426933379164,201.54954565499304,177.7460628088629,-110.86595185335852,-182.5525582397151,-104.74044465874746
2019-03-05 13:22:01.131000,804.784296468243,-538.8247764418901,1756.8353815097428,978.6863603625692,895.944090924475,543.8015563186406,-727.5679722500595,1223.1876099411352,-570.7252756309822,-284.44493989134554,203.4265499120321,176.07080089712804,-110.22064255638307,-184.57648647393637,-103.24583249672133
2019-03-05 13:22:01.199000,804.9451145104589,-538.8243850126294,1754.8132731036615,976.5994011148798,894.7265384498309,542.245452184404,-725.9004001368731,1226.6736354677278,-570.4058482155946,-283.46653394431337,201.75630459002113,174.34336554378208,-111.1886199975753,-185.12677120161635,-99.82660695208432
2019-03-05 13:22:01.266000,803.3265829006356,-539.9998502370852,1755.0635877081263,977.4700478430228,895.8826697399772,543.2222900429412,-725.5427720034188,1223.3385895957724,-569.9489716271247,-284.92463025877663,203.50537049561348,176.65629374943344,-110.35450694463697,-184.00438613158155,-101.50455937665154
2019-03-05 13:22:01.333000,805.1691553452591,-528.000613807192,1750.116922034106,991.0859226089469,901.1401298054344,544.438417860132,-720.1618436193961,1227.185988289343,-570.1880298706161,-292.06205543612504,227.01874016791626,176.44255933543096,-102.96412097863845,-181.4471634677971,-93.37609559802473
2019-03-05 13:22:01.400000,808.7330703684669,-518.8958552748934,1747.067345925761,1004.1327289538609,904.1503795102749,547.5473821117145,-717.1678059495094,1234.5200162082572,-569.4211084149526,-300.8409888537915,246.8924733159814,175.27833606478822,-99.29044245239068,-177.65253863379655,-88.36891699680213
2019-03-05 13:22:01.467000,806.5933821723105,-514.6958074660643,1744.5090295536206,1009.0582934992835,905.3005387120874,548.0302136641352,-715.2336827682134,1233.0682608580075,-567.4627984113353,-304.4669794833061,256.0755400972323,173.82618365309062,-95.9661365413421,-175.9843292793359,-85.20647911255297
2019-03-05 13:22:01.535000,808.194378266333,-514.7853686494244,1744.4027586364962,1009.7577967716129,907.5975326846318,547.1367783219591,-713.137596167008,1235.311237856543,-569.1764661994048,-305.7559655390039,258.1745055278787,173.65442731036688,-93.6295452727503,-177.40746606126396,-84.32922754442362
2019-03-05 13:22:01.603000,806.2664346818573,-513.5289614381059,1740.828435684825,1009.6685615058469,905.4798308963528,548.9132314511369,-713.70804625418,1233.3814056032872,-565.8464065006817,-306.3098493814496,260.32171180945335,173.24047602392258,-94.51072797693192,-174.127938460035,-83.77087657841878
2019-03-05 13:22:01.670000,806.8987616411558,-513.154788266815,1739.8693844182965,1011.259174100374,907.3704513445371,550.2758729665636,-712.555835523865,1233.5481024115113,-565.7964655991582,-307.73187588234754,262.93969380093455,173.0106399110922,-92.75272710780442,-173.51846826691622,-83.65593320839477
2019-03-05 13:22:01.737000,807.5925661609771,-512.7195905452805,1740.672425765722,1011.9188306158209,908.9810529466972,550.1550418873089,-710.1451204569009,1234.0402027590646,-568.1221260578719,-305.49423100477674,266.0542372471921,173.42181447147496,-91.53749521172796,-177.2012734265308,-81.73183296670132
2019-03-05 13:22:01.805000,809.7228106398701,-518.8203810429287,1745.5030845525253,1013.0163826477083,913.3243310977962,548.8325261400095,-709.0282128238166,1237.4073169954665,-572.903056193557,-302.12776750845404,259.5424677715881,173.75745241527105,-89.83312749953575,-182.56456679722538,-83.03033245262475
2019-03-05 13:22:01.872000,812.5177416410144,-509.10372674183975,1741.3252740801709,1027.2720569082203,923.2851756656405,549.2183726245438,-699.991976757289,1241.1208676450835,-577.1519217262538,-305.5939947113723,284.47059245841484,174.6911233683143,-79.65933687588362,-187.48225429778967,-73.76377203738815
2019-03-05 13:22:01.939000,814.2109668851828,-502.8647739801147,1736.5657336092484,1035.972035026578,928.6572512008272,548.053097493162,-692.0032191037868,1244.1544533442302,-582.7825750980986,-305.78357062607085,302.37107371543703,175.28396951814355,-71.89936795698708,-193.3632706155446,-68.09539983708017
2019-03-05 13:22:02.006000,814.8625377011434,-499.3523932878582,1738.2056698912297,1042.4141180335332,932.1159238625479,547.0262219657081,-689.1346936229749,1247.2667059594805,-585.7593667816287,-307.05443162712436,311.5574460547994,175.21494741634913,-68.08970189128135,-196.47119932361858,-63.416432513701906
2019-03-05 13:22:02.073000,812.0946395718139,-492.8376827641989,1734.2197441018147,1047.048621907702,936.7082906045658,543.3322400521315,-682.7197472011907,1251.5980275802578,-590.0979124232131,-308.1096900902344,323.40448428203985,175.2295581960219,-61.61199168932808,-200.6186366565804,-61.55006150990011
2019-03-05 13:22:02.140000,811.3372997652954,-486.33084659040003,1731.4185628064429,1054.4947911792576,943.7071309516666,541.6485755196043,-675.0382444746317,1255.402970260541,-593.6777009518792,-310.99549149076535,340.8381368643842,175.0274079951052,-53.12400606036357,-205.13461668077684,-56.23999671485398
2019-03-05 13:22:02.208000,811.1209626789677,-488.8000923097099,1733.8995091891993,1055.8873505921504,942.4463338283173,543.6236740531831,-676.8675300839029,1256.3229695428452,-593.2805355055566,-310.60309250741426,336.6492659091391,174.72370833117952,-54.690387197601986,-202.8172420997352,-55.82582632996051
2019-03-05 13:22:02.275000,812.8981919891086,-486.64369753797774,1735.3101997053961,1061.487007945378,946.4986265795419,542.8442388485565,-674.8356258367113,1259.8064558973501,-597.9519317294338,-309.7330283914139,345.4646096440509,176.68726725382453,-50.7489418841712,-206.83973191419824,-50.37900607324511
2019-03-05 13:22:02.342000,812.5256813368138,-482.2001811038522,1737.094638695775,1067.8340122746856,952.3332919722864,543.3959525432577,-671.7828000478021,1263.5886615339202,-600.9123925595661,-310.17487173241767,352.42074480577253,176.2505429068044,-47.99133293331546,-210.26004334874017,-48.960520025916416
2019-03-05 13:22:02.409000,813.5663982446555,-475.0223310721446,1733.6027268798896,1074.9820767145934,960.7707848402794,542.3963258741785,-663.7568351142509,1268.03745539793,-605.8443808311891,-311.55091228262734,370.9239759209845,175.81236615872913,-37.73000305765659,-216.03277049460826,-43.61210902946824
2019-03-05 13:22:02.477000,813.274039929369,-460.8029320153342,1723.7054317717443,1092.7556947983487,963.3844973517814,541.7973539776442,-655.1323610144632,1273.966053784336,-605.9365885834134,-322.9727399424919,401.77126500942694,172.7957635698686,-28.13935882082281,-211.48570229728324,-32.93529123326165
2019-03-05 13:22:02.544000,812.3980084309377,-447.3427808998121,1717.6124739822753,1106.0499107239411,967.4358543707093,539.0733197301447,-647.054022696365,1280.8837799204734,-609.823092223714,-330.1171675119089,427.97118537348393,170.62358313946,-20.45818814669404,-212.89566453856366,-24.679116869011658
2019-03-05 13:22:02.611000,797.9861989591815,-430.11685762884576,1705.9147901365536,1128.1311420377242,969.0451365260267,527.3811206955612,-625.846757221944,1285.2252403262057,-615.3629598619931,-340.63392206474043,467.3302443387184,163.58796681278372,-1.7560573046059176,-216.89687233493362,-10.822453082063603
2019-03-05 13:22:02.677000,791.1061776066641,-420.3646722106953,1694.4768802230287,1150.021075591235,974.4498225066486,518.0071702509605,-608.5709168698546,1291.7434977844543,-621.413133693191,-350.93534620795083,503.1946267082501,158.45698126121803,17.26272487955893,-220.70465099081866,6.748472798094788
2019-03-05 13:22:02.744000,783.4766214265784,-414.6515922043634,1693.947155794914,1165.8800799265873,979.0811541241217,511.09365875706254,-595.5118963021662,1302.3483782725318,-631.2966122761995,-354.78930670939303,526.3023375577764,154.37957454776404,30.63151206095869,-228.23232838918767,22.08619010632202
2019-03-05 13:22:02.811000,784.6838108361268,-414.85975720539443,1698.6611362464703,1167.9785517042642,979.2467500153161,508.0943228736298,-593.433828361405,1300.4547441901957,-634.7673208669428,-352.4123086020319,525.6910600191593,154.74220982963087,32.330158822222806,-233.15164176234566,21.521182147752967
2019-03-05 13:22:02.879000,776.9784558556124,-441.4733790400878,1703.7307883092597,1132.2846211755905,957.4275721973105,514.2940440372931,-616.0537019159137,1286.8030240865423,-617.2969328321799,-346.81213434487654,465.6861223200684,153.43135489476424,9.553129789625295,-215.24046334472803,0.20573027361007945
